Company Name,Address,Phone,Website,Categories,Association,Guide State,Existing Provider Match,Source URLs,Research Status,Description
"AC & S, Incorporated","Post Office Box 335, Nitro, WV 25143",(304) 755-9275,,Chemical Supplies,West Virginia oil and gas industry buyers guide,WV,,https://www.wvoilgasbuyersguide.com/listings.php?section_id=%25&cat=Equipment+%26+Supplies&scat=Chemical+Supplies&num=100,Association guide discovery — verify current operations and oil/gas fit against company source,
Ace Pipeline,"141 Campells Creek DR, Charleston, WV 25306",(304) 755-9840,http://www.acepipeline.com,"Oilfield Construction / Contractors; Pipeline Construction; Pipeline Maintenance; Water Line, Sewer and Storm Drain Construction",West Virginia oil and gas industry buyers guide,WV,,https://www.wvoilgasbuyersguide.com/listing.php?listing_id=660002318&company_name=Ace+Pipeline,Association guide discovery — verify current operations and oil/gas fit against company source,"Ace Pipeline Inc. is a privately owned West Virginia corporation, specializing in the construction of complex pipeline delivery systems throughout the greater Appalachian region. Veteran leaders direct a..."
"Ace Pipeline, Inc.","10016 Teays Valley Road, Scott Depot, WV 25560",(304) 755-9840,,"Oilfield Construction / Contractors; Pipeline Construction; Pipeline Maintenance; Water Line, Sewer and Storm Drain Construction",West Virginia oil and gas industry buyers guide,WV,,https://www.wvoilgasbuyersguide.com/listings.php?section_id=%25&cat=Construction&scat=Oilfield+Construction+%2F+Contractors&num=100; https://www.wvoilgasbuyersguide.com/listings.php?section_id=%25&cat=Construction&scat=Pipeline+Construction&num=100; https://www.wvoilgasbuyersguide.com/listings.php?section_id=%25&cat=Construction&scat=Pipeline+Maintenance&num=100; https://www.wvoilgasbuyersguide.com/listings.php?section_id=%25&cat=Construction&scat=Water+Line%2C+Sewer+and+Storm+Drain+Construction&num=100,Association guide discovery — verify current operations and oil/gas fit against company source,
Alliance Consulting Inc,"124 Philpott Lane, Beaver, WV 25813",(304) 255-0491,,AGT (Above Ground Storage Tank) Inspections; Environmental Services; Inspection; Soil Testing,West Virginia oil and gas industry buyers guide,WV,,https://www.wvoilgasbuyersguide.com/listing.php?listing_id=660002272&company_name=Alliance+Consulting+Inc,Association guide discovery — verify current operations and oil/gas fit against company source,"Alliance Consulting, Inc. (Alliance) is a full service multi-disciplinary Civil, and Environmental Engineering Consulting firm that was founded in 2001 by individuals with over 100 years of combined industry experience...."
"Alliance Consulting, Inc.","124 Philpott Lane, Raleigh CO Airport Ind PK, Beaver, WV 25813",(304) 255-0491,,AGT (Above Ground Storage Tank) Inspections; Environmental Services; Inspection; Soil Testing,West Virginia oil and gas industry buyers guide,WV,,https://www.wvoilgasbuyersguide.com/listings.php?section_id=%25&cat=Professional+Services&scat=AGT+%28Above+Ground+Storage+Tank%29+Inspections&num=100; https://www.wvoilgasbuyersguide.com/listings.php?section_id=%25&cat=Professional+Services&scat=Environmental+Services&num=100; https://www.wvoilgasbuyersguide.com/listings.php?section_id=%25&cat=Professional+Services&scat=Inspection&num=100; https://www.wvoilgasbuyersguide.com/listings.php?section_id=%25&cat=Reclamation+Products&scat=Soil+Testing&num=100,Association guide discovery — verify current operations and oil/gas fit against company source,
"Apex Pipeline Services, Inc","Post Office Box 580, Nitro, WV 25143",(304) 204-0080,,Pipeline Construction,West Virginia oil and gas industry buyers guide,WV,,https://www.paoilgasbuyersguide.com/listings.php?section_id=%25&cat=Construction&scat=Pipeline+Construction&num=100; https://www.wvoilgasbuyersguide.com/listings.php?section_id=%25&cat=Construction&scat=Pipeline+Construction&num=100,Association guide discovery — verify current operations and oil/gas fit against company source,
Appalachian Pipe Distributors LLC,"828 East BLVD, Charlotte, NC 28203",(304) 552-6170,,Pipeline Construction,West Virginia oil and gas industry buyers guide,WV,,https://www.wvoilgasbuyersguide.com/listings.php?section_id=%25&cat=Construction&scat=Pipeline+Construction&num=100,Association guide discovery — verify current operations and oil/gas fit against company source,
Aptim,"314 Goff Mountain Road Suite 9, Charleston, WV 25313",(304) 542-2605,https://www.aptim.com/,Environmental Services; Inspections,West Virginia oil and gas industry buyers guide,WV,,https://www.wvoilgasbuyersguide.com/listing.php?listing_id=660002786&company_name=Aptim,Association guide discovery — verify current operations and oil/gas fit against company source,"For 30+ years, APTIM has provided high-quality, comprehensive, innovative, and personalized services to the petrochemical, oil and gas, pharmaceutical, and chemical industries. Our professional team of technical staff and..."
Aptim,"314 Golf Mountain Road, Suite 9, Cross Lanes, WV 25313",(304) 542-2605,,Environmental Services; Inspections,West Virginia oil and gas industry buyers guide,WV,,https://www.wvoilgasbuyersguide.com/listings.php?section_id=%25&cat=Professional+Services&scat=Environmental+Services&num=100; https://www.wvoilgasbuyersguide.com/listings.php?section_id=%25&cat=Professional+Services&scat=Inspections&num=100,Association guide discovery — verify current operations and oil/gas fit against company source,
Artex Oil Company,"2337 State RT 821, Marietta, OH 45750",(740) 525-2522,,Crude Oil Buyer and Transporter,West Virginia oil and gas industry buyers guide,WV,,https://www.wvoilgasbuyersguide.com/listings.php?section_id=%25&cat=Transportation&scat=Crude+Oil+Buyer+and+Transporter&num=100,Association guide discovery — verify current operations and oil/gas fit against company source,
"Associated Pipe Line Contractors, Inc.","950 Echo Lane, Suite 100, Houston, TX 77024",(713) 789-4311,,Pipeline Construction,West Virginia oil and gas industry buyers guide,WV,,https://www.wvoilgasbuyersguide.com/listings.php?section_id=%25&cat=Construction&scat=Pipeline+Construction&num=100,Association guide discovery — verify current operations and oil/gas fit against company source,
ATI Industries,"Post Office Box 1389, Dellslow, WV 26531",(304) 980-2358,,Pipeline Construction,West Virginia oil and gas industry buyers guide,WV,,https://www.wvoilgasbuyersguide.com/listings.php?section_id=%25&cat=Construction&scat=Pipeline+Construction&num=100,Association guide discovery — verify current operations and oil/gas fit against company source,
Austin Powder Company,"Post Office Box, Dellslow, WV 26531",(304) 680-3532,,Chemical Supplies,West Virginia oil and gas industry buyers guide,WV,,https://www.wvoilgasbuyersguide.com/listings.php?section_id=%25&cat=Equipment+%26+Supplies&scat=Chemical+Supplies&num=100,Association guide discovery — verify current operations and oil/gas fit against company source,
Babst Calland,"300 Summers Street, Suite 1000, Charleston, WV 25301",(681) 205-8951,,Environmental Law; Safety and Health Law,West Virginia oil and gas industry buyers guide,WV,,https://www.wvoilgasbuyersguide.com/listing.php?listing_id=660002542&company_name=Babst+Calland; https://www.wvoilgasbuyersguide.com/listings.php?section_id=%25&cat=Legal+Services&scat=Environmental+Law&num=100; https://www.wvoilgasbuyersguide.com/listings.php?section_id=%25&cat=Legal+Services&scat=Safety+and+Health+Law&num=100,Association guide discovery — verify current operations and oil/gas fit against company source,
Baker Hughes,"400 Technology Drive, Suite 100, Canonsburg, PA 15317",(724) 514-5251,,Oilfield Products; Oilfield Services,West Virginia oil and gas industry buyers guide,WV,Baker Hughes - Dickinson Completions District,https://www.wvoilgasbuyersguide.com/listings.php?section_id=%25&cat=Professional+Services&scat=Oilfield+Products&num=100; https://www.wvoilgasbuyersguide.com/listings.php?section_id=%25&cat=Professional+Services&scat=Oilfield+Services&num=100,Association guide discovery — verify current operations and oil/gas fit against company source,
Batteries Direct,"408 37th Street, Parkersburg, WV 26101",(304) 428-2296,,Equipment Supply / Manufacturer,West Virginia oil and gas industry buyers guide,WV,,https://www.wvoilgasbuyersguide.com/listings.php?section_id=%25&cat=Equipment+%26+Supplies&scat=Equipment+Supply+%2F+Manufacturer&num=100,Association guide discovery — verify current operations and oil/gas fit against company source,
BBU Services of WV,"Post Office Box 169, Kenna, WV 25248",(304) 531-9398,,Environmental Services,West Virginia oil and gas industry buyers guide,WV,,https://www.wvoilgasbuyersguide.com/listings.php?section_id=%25&cat=Professional+Services&scat=Environmental+Services&num=100,Association guide discovery — verify current operations and oil/gas fit against company source,
BD Oil Gathering Corp.,"649 Mitchell'S Lane, Marietta, OH 45750",(741) 037-4355,,Crude Oil Buyer and Transporter; Oilfield Trucking; Trucking Services,West Virginia oil and gas industry buyers guide,WV,,https://www.wvoilgasbuyersguide.com/listings.php?section_id=%25&cat=Transportation&scat=Crude+Oil+Buyer+and+Transporter&num=100; https://www.wvoilgasbuyersguide.com/listings.php?section_id=%25&cat=Transportation&scat=Oilfield+Trucking&num=100; https://www.wvoilgasbuyersguide.com/listings.php?section_id=%25&cat=Transportation&scat=Trucking+Services&num=100,Association guide discovery — verify current operations and oil/gas fit against company source,
BD Oil Gathering Corp.,"649 Mitchells LN, Marietta, OH 45750",(740) 374-9355,http://www.bdoil.com,Crude Oil Buyer and Transporter; Oilfield Trucking; Trucking Services,West Virginia oil and gas industry buyers guide,WV,,https://www.wvoilgasbuyersguide.com/listing.php?listing_id=750003007&company_name=BD+Oil+Gathering+Corp.,Association guide discovery — verify current operations and oil/gas fit against company source,"BD Oil Gathering Corporation has been servicing the Ohio Valley for over 20 years. We have extensive experience in the gathering business, and are ready to service your needs!..."
Bellator Services LLC,"2751 S Mountaineer HWY, Thornton, WV 26440",(304) 376-3862,https://www.bellatorservices.com/,Safety and Risk Consulting; Photographic Supplies; Security and Safety Supplies; Construction Security; Equipment & Supplies,West Virginia oil and gas industry buyers guide,WV,,https://www.wvoilgasbuyersguide.com/listing.php?listing_id=780000331&company_name=Bellator+Services+LLC,Association guide discovery — verify current operations and oil/gas fit against company source,"Bellator Services LLC is a West Virginia-based, Service-Disabled Veteran-Owned Small Business (SDVOSB) dedicated to providing elite physical security and professional solutions to the oil and gas industry. Headquartered..."
"Benchmark SH&E Services, LLC","400 White Oaks BLVD, Bridgeport, WV 26330",(304) 363-1446,,Safety and Risk Consulting; Equipment Rental / Repairs; AGT (Above Ground Storage Tank) Inspections; Environmental Services; Inspections; Safety and Risk Management; Safety Training,West Virginia oil and gas industry buyers guide,WV,,https://www.wvoilgasbuyersguide.com/listings.php?section_id=%25&cat=Consulting&scat=Safety+and+Risk+Consulting&num=100; https://www.wvoilgasbuyersguide.com/listings.php?section_id=%25&cat=Equipment+%26+Supplies&scat=Equipment+Rental+%2F+Repairs&num=100; https://www.wvoilgasbuyersguide.com/listings.php?section_id=%25&cat=Professional+Services&scat=AGT+%28Above+Ground+Storage+Tank%29+Inspections&num=100; https://www.wvoilgasbuyersguide.com/listings.php?section_id=%25&cat=Professional+Services&scat=Environmental+Services&num=100; https://www.wvoilgasbuyersguide.com/listings.php?section_id=%25&cat=Professional+Services&scat=Inspections&num=100; https://www.wvoilgasbuyersguide.com/listings.php?section_id=%25&cat=Professional+Services&scat=Safety+and+Risk+Management&num=100; https://www.wvoilgasbuyersguide.com/listings.php?section_id=%25&cat=Professional+Services&scat=Safety+Training&num=100,Association guide discovery — verify current operations and oil/gas fit against company source,
BHE GT&S,"925 White Oaks Boulevard, Bridgeport, WV 26330",(681) 842-3242,,Gas Compressors; Gas Processing,West Virginia oil and gas industry buyers guide,WV,,https://www.wvoilgasbuyersguide.com/listing.php?listing_id=660002282&company_name=BHE+GT%26S,Association guide discovery — verify current operations and oil/gas fit against company source,"BHE GT&S is an interstate natural gas transmission and storage company headquartered in Richmond, Virginia, with operations in 10 states. It is a standalone subsidiary of Berkshire Hathaway..."
"BJ Inspections, Inc.","246 Maple Street, Westfield, PA 16950",(814) 367-0419,,Pipeline Construction; Inspections,West Virginia oil and gas industry buyers guide,WV,,https://www.paoilgasbuyersguide.com/listings.php?section_id=%25&cat=Construction&scat=Pipeline+Construction&num=100; https://www.wvoilgasbuyersguide.com/listings.php?section_id=%25&cat=Professional+Services&scat=Inspections&num=100,Association guide discovery — verify current operations and oil/gas fit against company source,
BK Corrosion,,(681) 214-5005,http://www.BKCorrosion.com,Pipeline Maintenance; Inline Inspection; Supply Companies; Pipeline Integrity,West Virginia oil and gas industry buyers guide,WV,,https://www.wvoilgasbuyersguide.com/listing.php?listing_id=750002887&company_name=BK+Corrosion,Association guide discovery — verify current operations and oil/gas fit against company source,"BK Corrosion is an independent distributor and manufacturer of cathodic protection materials including but not limited to: graphite, cast iron, MMO, magnesium anodes, test stations, custom rectifiers, and..."
Boyd CAT,"1400 E. Dupont Avenue, Belle, WV 25015",(304) 206-2747,http://BoydCat.com,Equipment Rental / Repairs; Equipment Supply / Manufacturer; Generator Sales / Rental / Service; Truck Equipment and Service; Gas Compressors,West Virginia oil and gas industry buyers guide,WV,,https://www.wvoilgasbuyersguide.com/listing.php?listing_id=750002994&company_name=Boyd+CAT,Association guide discovery — verify current operations and oil/gas fit against company source,"Boyd CAT is your trusted Caterpillar dealer for Gas Compression. With over 100 years serving Kentucky, Southern Indiana, West Virginia, and Southeastern Ohio, Boyd CAT is committed to the..."
Bruce Allen Inc.,"Post Office Box 199, Harrisville, WV 26362",(304) 643-4613,,Midstream Pipeline,West Virginia oil and gas industry buyers guide,WV,,https://www.wvoilgasbuyersguide.com/listings.php?section_id=%25&cat=Professional+Services&scat=Midstream+Pipeline&num=100,Association guide discovery — verify current operations and oil/gas fit against company source,
Buchanan Ingersoll & Rooney,"Union Trust Building - 501 Grant Street, Suite 200, Pittsburgh, PA 15219-4413",(412) 562-1366,https://www.bipc.com/energy/,Environmental Law; Safety and Health Law; Environmental Services; Midstream Pipeline,West Virginia oil and gas industry buyers guide,WV,,https://www.paoilgasbuyersguide.com/listing.php?listing_id=660002564&company_name=Buchanan+Ingersoll+%26+Rooney; https://www.wvoilgasbuyersguide.com/listing.php?listing_id=660002563&company_name=Buchanan+Ingersoll+%26+Rooney,Association guide discovery — verify current operations and oil/gas fit against company source,"Buchanan has played a pivotal role in shattering barriers to energy industry growth through legal and business acumen, landmark litigation, and legislative prowess. The firm’s integrated energy..."
"C & L Enterprise, LLC","78 Hutson Road, Mineral Wells, WV 26150",(304) 482-5358,,Trucking Services,West Virginia oil and gas industry buyers guide,WV,,https://www.wvoilgasbuyersguide.com/listings.php?section_id=%25&cat=Transportation&scat=Trucking+Services&num=100,Association guide discovery — verify current operations and oil/gas fit against company source,
"Canaan Industries, LLC","12845 Burbank Road, Burbank, OH 44214",(330) 464-1510,,Equipment Supply / Manufacturer,West Virginia oil and gas industry buyers guide,WV,,https://www.wvoilgasbuyersguide.com/listings.php?section_id=%25&cat=Equipment+%26+Supplies&scat=Equipment+Supply+%2F+Manufacturer&num=100,Association guide discovery — verify current operations and oil/gas fit against company source,
Canopy Prospecting Inc.,"4975 W Chester PIKE, Suite 200, Edgmont, PA 19028",(610) 353-1401,http://www.canopyprospecting.com,Rail Transportation,West Virginia oil and gas industry buyers guide,WV,,https://www.wvoilgasbuyersguide.com/listing.php?listing_id=660002315&company_name=Canopy+Prospecting+Inc.,Association guide discovery — verify current operations and oil/gas fit against company source,Canopy Prospecting Inc. owns 100% of Eddystone Marine and Rail Terminal Co. in Eddystone PA. Canopy is a developer of Midstream projects such as this unit train terminal located...
"CENTRAL CONTRACTING, INC.","501 6th AVE, St. Albans, WV 25177",(304) 722-4939,,Road Construction / Repair; Environmental Services; Soil Testing; Trucking Services,West Virginia oil and gas industry buyers guide,WV,,https://www.wvoilgasbuyersguide.com/listing.php?listing_id=1050005273&company_name=CENTRAL+CONTRACTING%2C+INC.,Association guide discovery — verify current operations and oil/gas fit against company source,"High integrity, good service, fair pricing, and honesty is more than just our motto. It is our way of life. From the top all the way down, Central..."
Chancellor Insurance Agency,"613 Market Street, Parkersburg, WV 26101",(304) 422-3563,http://www.chancellorins.com,Safety and Risk Management,West Virginia oil and gas industry buyers guide,WV,,https://www.paoilgasbuyersguide.com/listing.php?listing_id=750003615&company_name=Chancellor+Insurance+Agency; https://www.wvoilgasbuyersguide.com/listing.php?listing_id=750002946&company_name=Chancellor+Insurance+Agency,Association guide discovery — verify current operations and oil/gas fit against company source,"Since 1862 Chancellor Insurance Agency has been providing protection to the oil & gas industry. Services include customized protection for general liability, automobile coverage, property coverage, equipment coverage, and workers'"
Chancellor Insurance Agency,"Post Office Box 164, Parkersburg, WV 26101",(304) 422-3563,,Safety and Risk Management,West Virginia oil and gas industry buyers guide,WV,,https://www.wvoilgasbuyersguide.com/listings.php?section_id=%25&cat=Professional+Services&scat=Safety+and+Risk+Management&num=100,Association guide discovery — verify current operations and oil/gas fit against company source,
"Concord Well Service, Inc.","Post Office Box 448, Olney, IL 62450",(618) 395-4405,,Well Services,West Virginia oil and gas industry buyers guide,WV,,https://www.wvoilgasbuyersguide.com/listings.php?section_id=%25&cat=Professional+Services&scat=Well+Services&num=100,Association guide discovery — verify current operations and oil/gas fit against company source,
ConServ Inc,"929 Charleston RD, Spencer, WV 25276",(304) 927-5033,http://www.csiofwv.com,"Environmental Construction; Mechanical & Industrial Construction; Pipeline Construction; Pipeline Maintenance; Stairs, Platforms, Ladders, Handrail Construction; AGT (Above Ground Storage Tank) Inspections; Midstream Pipeline; Pipeline Testing & Inspections",West Virginia oil and gas industry buyers guide,WV,,https://www.wvoilgasbuyersguide.com/listing.php?listing_id=660002291&company_name=ConServ+Inc,Association guide discovery — verify current operations and oil/gas fit against company source,"Contractor Services Inc. (dba ConServ or CSi) of West Virginia is a specialty pipeline contractor focused on providing its services to Producers, Midstream/Gathering Pipeline Operators, Transmission Pipeline..."
Conserv Incorporated,"929 Charleston Road, Spencer, WV 25276",(304) 927-5033,,"Environmental Construction; Mechanical & Industrial Construction; Pipeline Construction; Pipeline Maintenance; Stairs, Platforms, Ladders, Handrail Construction; AGT (Above Ground Storage Tank) Inspections; Midstream Pipeline; Pipeline Testing & Inspections",West Virginia oil and gas industry buyers guide,WV,,https://www.wvoilgasbuyersguide.com/listings.php?section_id=%25&cat=Construction&scat=Environmental+Construction&num=100; https://www.wvoilgasbuyersguide.com/listings.php?section_id=%25&cat=Construction&scat=Mechanical+%26+Industrial+Construction&num=100; https://www.wvoilgasbuyersguide.com/listings.php?section_id=%25&cat=Construction&scat=Pipeline+Construction&num=100; https://www.wvoilgasbuyersguide.com/listings.php?section_id=%25&cat=Construction&scat=Pipeline+Maintenance&num=100; https://www.wvoilgasbuyersguide.com/listings.php?section_id=%25&cat=Construction&scat=Stairs%2C+Platforms%2C+Ladders%2C+Handrail+Construction&num=100; https://www.wvoilgasbuyersguide.com/listings.php?section_id=%25&cat=Professional+Services&scat=AGT+%28Above+Ground+Storage+Tank%29+Inspections&num=100; https://www.wvoilgasbuyersguide.com/listings.php?section_id=%25&cat=Professional+Services&scat=Midstream+Pipeline&num=100; https://www.wvoilgasbuyersguide.com/listings.php?section_id=%25&cat=Professional+Services&scat=Pipeline+Testing+%26+Inspections&num=100,Association guide discovery — verify current operations and oil/gas fit against company source,
"Crestwood Tubulars, Inc.","9962 Lin Ferry, Saint Louis, MO 63123",(314) 842-8604,,Midstream Pipeline,West Virginia oil and gas industry buyers guide,WV,,https://www.wvoilgasbuyersguide.com/listings.php?section_id=%25&cat=Professional+Services&scat=Midstream+Pipeline&num=100,Association guide discovery — verify current operations and oil/gas fit against company source,
"DAC Energy, LLC","591 Pitts Run Road, Alma, WV 26320",(304) 758-4638,,Oilfield Construction / Contractors; Road Construction / Repair,West Virginia oil and gas industry buyers guide,WV,,https://www.wvoilgasbuyersguide.com/listing.php?listing_id=660002399&company_name=DAC+Energy%2C+LLC,Association guide discovery — verify current operations and oil/gas fit against company source,"For Construction Bids contact Lance Hickman, VP Operations Manager lance.hickman@dacenergy.com _______________________________________________________________________________________________________ For Quotes contact Jami Morris, VP"
Dearing Compressor & Pump Co.,"3974 Simon Road, Youngstown, OH 44512",(276) 202-9312,,Equipment Rental / Repairs; Equipment Supply / Manufacturer; Pumps / NGL Pumps; Gas Compressors,West Virginia oil and gas industry buyers guide,WV,,https://www.wvoilgasbuyersguide.com/listings.php?section_id=%25&cat=Equipment+%26+Supplies&scat=Equipment+Rental+%2F+Repairs&num=100; https://www.wvoilgasbuyersguide.com/listings.php?section_id=%25&cat=Equipment+%26+Supplies&scat=Equipment+Supply+%2F+Manufacturer&num=100; https://www.wvoilgasbuyersguide.com/listings.php?section_id=%25&cat=Equipment+Sales%2F+Rentals&scat=Pumps+%2F+NGL+Pumps&num=100; https://www.wvoilgasbuyersguide.com/listings.php?section_id=%25&cat=Gas&scat=Gas+Compressors&num=100,Association guide discovery — verify current operations and oil/gas fit against company source,
DOUGLAS PIPELINE COMPANY,"901 Castle Shannon Boulevard, Pittsburgh, PA 15234",(412) 302-9103,,Pipeline Construction,West Virginia oil and gas industry buyers guide,WV,,https://www.wvoilgasbuyersguide.com/listings.php?section_id=%25&cat=Construction&scat=Pipeline+Construction&num=100,Association guide discovery — verify current operations and oil/gas fit against company source,
"Elk Energy Services, LLC","62 N Pinch RD, Elkview, WV 25071",(304) 965-5479,http://www.elkenergyservices.com,Construction Management Services; Inspections,West Virginia oil and gas industry buyers guide,WV,,https://www.wvoilgasbuyersguide.com/listing.php?listing_id=780000601&company_name=Elk+Energy+Services%2C+LLC,Association guide discovery — verify current operations and oil/gas fit against company source,"Elk Energy Services, LLC provides staffing to the energy industry since 2009. Primarily construction related staffing for natural gas projects during and after construction. Elk Energy Services can provide..."
"Elk Energy Services, LLC","Post Office Box 130, Elkview, WV 25071",(304) 965-5479,,Construction Management Services; Inspections,West Virginia oil and gas industry buyers guide,WV,,https://www.wvoilgasbuyersguide.com/listings.php?section_id=%25&cat=Construction&scat=Construction+Management+Services&num=100; https://www.wvoilgasbuyersguide.com/listings.php?section_id=%25&cat=Professional+Services&scat=Inspections&num=100,Association guide discovery — verify current operations and oil/gas fit against company source,
"Enbridge, Inc.","2030 Falling Waters Road, Suite 190, Knoxville, TN 37922",(865) 207-5680,,Midstream Pipeline,West Virginia oil and gas industry buyers guide,WV,,https://www.wvoilgasbuyersguide.com/listings.php?section_id=%25&cat=Professional+Services&scat=Midstream+Pipeline&num=100,Association guide discovery — verify current operations and oil/gas fit against company source,
Energy Transportation LLC,"1 Columbia Blvd., Clarksburg, WV 26301",(304) 423-8760,http://www.ET8760.com,Oilfield Trucking; Truck Equipment and Service; Trucking Services,West Virginia oil and gas industry buyers guide,WV,,https://www.wvoilgasbuyersguide.com/listing.php?listing_id=750002965&company_name=Energy+Transportation+LLC,Association guide discovery — verify current operations and oil/gas fit against company source,"PROVIDING TRANSPORTATION SERVICES For 10 years, Energy Transportation, LLC has provided safe, dependable and high-quality transportation services to handle both hazardous and non-hazardous materials. We are committed to providing..."
Energy Transportation LLC,"Post Office Box 430, Bridgeport, WV 26378",(304) 669-4315,,Oilfield Trucking; Truck Equipment and Service; Trucking Services,West Virginia oil and gas industry buyers guide,WV,,https://www.wvoilgasbuyersguide.com/listings.php?section_id=%25&cat=Transportation&scat=Oilfield+Trucking&num=100; https://www.wvoilgasbuyersguide.com/listings.php?section_id=%25&cat=Transportation&scat=Truck+Equipment+and+Service&num=100; https://www.wvoilgasbuyersguide.com/listings.php?section_id=%25&cat=Transportation&scat=Trucking+Services&num=100,Association guide discovery — verify current operations and oil/gas fit against company source,
"Ergon Oil Purchasing, Inc.","1587 Highland Ridge Road, Lowell, OH 45744",(304) 387-4343,,Crude Oil Buyer and Transporter,West Virginia oil and gas industry buyers guide,WV,,https://www.wvoilgasbuyersguide.com/listings.php?section_id=%25&cat=Transportation&scat=Crude+Oil+Buyer+and+Transporter&num=100,Association guide discovery — verify current operations and oil/gas fit against company source,
FESCO LTD,"104 Fesco Run RD, Bridgeport, WV 26330",(304) 441-1883,https://www.fescoinc.com/,Pipeline Maintenance; Chemical Supplies; Soaps and Cleaning Chemicals; Gas Measurement; Natural Gas Analysis; Laboratory Testing / Analytical Services; Midstream Pipeline; Oilfield Services; Pipeline Testing & Inspections; Pressure Testing; Well Services; Wireline Services; Pipeline Integrity,West Virginia oil and gas industry buyers guide,WV,"FESCO, Ltd. - Shinnston",https://www.wvoilgasbuyersguide.com/listing.php?listing_id=780000515&company_name=FESCO+LTD,Association guide discovery — verify current operations and oil/gas fit against company source,"FESCO, Ltd., is a diversified oilfield service company providing quality equipment and experienced personnel to the oil and gas industry. We offer an extensive suite of competitively priced..."
Gaddy Engineering Company,"303 Washington St W, Charleston, WV 25302",(304) 532-5115,,Environmental Services,West Virginia oil and gas industry buyers guide,WV,,https://www.wvoilgasbuyersguide.com/listings.php?section_id=%25&cat=Professional+Services&scat=Environmental+Services&num=100,Association guide discovery — verify current operations and oil/gas fit against company source,
"Gasco Drilling, Inc","Post Office Drawer 330, Cedar Bluff, VA 24609",(276) 676-4272,,Drilling Services,West Virginia oil and gas industry buyers guide,WV,GASCO Drilling Inc.,https://www.wvoilgasbuyersguide.com/listings.php?section_id=%25&cat=Drilling&scat=Drilling+Services&num=100,Association guide discovery — verify current operations and oil/gas fit against company source,
"GEC, Inc.","13553 N. Preston Highway, Bruceton Mills, WV 26525",(304) 379-2982,http://www.gecincorporated.com/,Electrical Supply; Generator Sales / Rental / Service,West Virginia oil and gas industry buyers guide,WV,,https://www.wvoilgasbuyersguide.com/listing.php?listing_id=750002922&company_name=GEC%2C+Inc.,Association guide discovery — verify current operations and oil/gas fit against company source,"GEC, Inc. is a diversified electrical contracting company that was established in northern West Virginia in 1982 and provides engineering, construction, maintenance and emergency services on high-, medium- and..."
GOLD Safety & Environmental,"Post Office Box 1264, Clarksburg, WV 25302",(304) 629-1438,http://www.goldsafdtywv.com,Safety and Risk Consulting; Safety and Health Law; Environmental Services; Inspection; Safety and Risk Management; Safety Training,West Virginia oil and gas industry buyers guide,WV,,https://www.wvoilgasbuyersguide.com/listing.php?listing_id=780000635&company_name=GOLD+Safety+%26+Environmental; https://www.wvoilgasbuyersguide.com/listings.php?section_id=%25&cat=Legal+Services&scat=Safety+and+Health+Law&num=100,Association guide discovery — verify current operations and oil/gas fit against company source,"GOLD Safety & Environmental is a West Virginia based company, providing consulting services nationwide. GOLD’s safety professionals understand safety standards and the unique hazards for many types of..."
"Greer Industries, Inc.","570 Canyon Road, Morgantown, WV 26508",(304) 296-1751,,Environmental Construction; Mechanical & Industrial Construction; Oilfield Construction / Contractors; Pipeline Construction; Road Construction / Repair,West Virginia oil and gas industry buyers guide,WV,,https://www.wvoilgasbuyersguide.com/listings.php?section_id=%25&cat=Construction&scat=Environmental+Construction&num=100; https://www.wvoilgasbuyersguide.com/listings.php?section_id=%25&cat=Construction&scat=Mechanical+%26+Industrial+Construction&num=100; https://www.wvoilgasbuyersguide.com/listings.php?section_id=%25&cat=Construction&scat=Oilfield+Construction+%2F+Contractors&num=100; https://www.wvoilgasbuyersguide.com/listings.php?section_id=%25&cat=Construction&scat=Pipeline+Construction&num=100; https://www.wvoilgasbuyersguide.com/listings.php?section_id=%25&cat=Construction&scat=Road+Construction+%2F+Repair&num=100,Association guide discovery — verify current operations and oil/gas fit against company source,
Hall Drilling LLC,"1137 East Washington Avenue, Ellenboro, WV 26346",(304) 869-3404,http://halldrilling.com,Oilfield Construction / Contractors; Pipeline Construction; Pipeline Maintenance; Road Construction / Repair; Welding Supply & Gases; Oilfield Services; Well Services; Oilfield Trucking; Transportation; Truck Equipment and Service; Trucking Services,West Virginia oil and gas industry buyers guide,WV,Hall Drilling LLC,https://www.wvoilgasbuyersguide.com/listing.php?listing_id=780000705&company_name=Hall+Drilling+LLC,Association guide discovery — verify current operations and oil/gas fit against company source,Water Trucks Winch Trucks Brine Water Disposal Experienced Well Hook- Up Crews Experienced Roustabout Crews Rock Hauling Pad Maintenance and Reclamation
Harris Oil Co.,"Post Office Box 685, Spencer, WV 25276",(304) 532-5022,,Crude Oil Buyer and Transporter,West Virginia oil and gas industry buyers guide,WV,,https://www.wvoilgasbuyersguide.com/listings.php?section_id=%25&cat=Transportation&scat=Crude+Oil+Buyer+and+Transporter&num=100,Association guide discovery — verify current operations and oil/gas fit against company source,
"High Point Construction Group, LLC","Post Office Box 577, Buckhannon, WV 26201",(304) 472-5595,http://highpointwv.com,Oilfield Construction / Contractors; Equipment Rental / Repairs; Oilfield Trucking,West Virginia oil and gas industry buyers guide,WV,,https://www.wvoilgasbuyersguide.com/listing.php?listing_id=750002896&company_name=High+Point+Construction+Group%2C+LLC,Association guide discovery — verify current operations and oil/gas fit against company source,"Contractor specializing in well pad construction, access road construction, production piping, and equipment installation, frac assist, equipment rental, secondary containment, well pad liners, and oil field trucking."
Hog Lick Aggregates Llc,"340 Hog Lick Hollow, Fairmont, WV 26554",(681) 209-8425,,Aggregate Suppliers,West Virginia oil and gas industry buyers guide,WV,,https://www.wvoilgasbuyersguide.com/listings.php?section_id=%25&cat=Construction&scat=Aggregate+Suppliers&num=100,Association guide discovery — verify current operations and oil/gas fit against company source,
Hope Gas,"781 Chestnut Ridge Road, Morgantown, WV 26505",(804) 787-6167,,Gas Processing,West Virginia oil and gas industry buyers guide,WV,,https://www.wvoilgasbuyersguide.com/listings.php?section_id=%25&cat=Gas&scat=Gas+Processing&num=100,Association guide discovery — verify current operations and oil/gas fit against company source,
"Hydrocarbon Well Services, Inc.","Post Office Box 995, Buckhannon, WV 26201",(304) 472-9600,,Well Services,West Virginia oil and gas industry buyers guide,WV,,https://www.wvoilgasbuyersguide.com/listings.php?section_id=%25&cat=Professional+Services&scat=Well+Services&num=100,Association guide discovery — verify current operations and oil/gas fit against company source,
Ingevity,"4920 O'Hear Avenue, Suite 400, North Charleston, SC 29405",(864) 901-1428,,Equipment Supply / Manufacturer,West Virginia oil and gas industry buyers guide,WV,,https://www.wvoilgasbuyersguide.com/listings.php?section_id=%25&cat=Equipment+%26+Supplies&scat=Equipment+Supply+%2F+Manufacturer&num=100,Association guide discovery — verify current operations and oil/gas fit against company source,
Integrity Kokosing,"Post Office Box 225, Fredericktown, OH 43019",(740) 694-6880,,Pipeline Construction,West Virginia oil and gas industry buyers guide,WV,,https://www.wvoilgasbuyersguide.com/listings.php?section_id=%25&cat=Construction&scat=Pipeline+Construction&num=100,Association guide discovery — verify current operations and oil/gas fit against company source,
"Integrity Kokosing Pipeline Services, LLC","17531 Waterford Road, Fredericktown, OH 43019",(740) 848-4919,http://www.Integritykokosing.com,Pipeline Construction,West Virginia oil and gas industry buyers guide,WV,,https://www.wvoilgasbuyersguide.com/listing.php?listing_id=750002959&company_name=Integrity+Kokosing+Pipeline+Services%2C+LLC,Association guide discovery — verify current operations and oil/gas fit against company source,"Any and all pipeline Construction: Water pipelines Intake structures Cathodic protection systems Compressor stations Facility work Well hook-ups Tanks Containments, Etc. Pipeline Maintenance and Repairs Integrity Management"
"InTerraChem, Inc.","57 Pepperbush Lane, Fairmont, WV 26554",(814) 858-3147,,Equipment Supply / Manufacturer,West Virginia oil and gas industry buyers guide,WV,,https://www.wvoilgasbuyersguide.com/listings.php?section_id=%25&cat=Equipment+%26+Supplies&scat=Equipment+Supply+%2F+Manufacturer&num=100,Association guide discovery — verify current operations and oil/gas fit against company source,
J.F. Allen Company,"P.O. Box 2049, Buckhannon, WV 26201",(304) 614-2986,http://jfallenco.com,Environmental Construction; Oilfield Construction / Contractors; Road Construction / Repair; Limestone Supplier,West Virginia oil and gas industry buyers guide,WV,,https://www.wvoilgasbuyersguide.com/listing.php?listing_id=750003059&company_name=J.F.+Allen+Company,Association guide discovery — verify current operations and oil/gas fit against company source,"JF Allen Company has been providing top-of-the-line construction services for nearly 70 years, ranging from Excavation, Road Construction, Hot-Mix Asphalt Paving, Utility Installation, Site Preparation & Development, Pad and Impoundment"
J.F. Allen Company,"Post Office Box 2049, Buckhannon, WV 26201",(304) 614-2986,,Environmental Construction; Oilfield Construction / Contractors; Road Construction / Repair; Limestone Supplier,West Virginia oil and gas industry buyers guide,WV,,https://www.wvoilgasbuyersguide.com/listings.php?section_id=%25&cat=Construction&scat=Environmental+Construction&num=100; https://www.wvoilgasbuyersguide.com/listings.php?section_id=%25&cat=Construction&scat=Oilfield+Construction+%2F+Contractors&num=100; https://www.wvoilgasbuyersguide.com/listings.php?section_id=%25&cat=Construction&scat=Road+Construction+%2F+Repair&num=100; https://www.wvoilgasbuyersguide.com/listings.php?section_id=%25&cat=Equipment+%26+Supplies&scat=Limestone+Supplier&num=100,Association guide discovery — verify current operations and oil/gas fit against company source,
"Jackson Kelly, PLLC","500 Lee Street East, Suite 1600, Charleston, WV 25301",(304) 340-1000,http://www.jacksonkelly.com,Environmental Law; Safety and Health Law,West Virginia oil and gas industry buyers guide,WV,,https://www.wvoilgasbuyersguide.com/listing.php?listing_id=660002286&company_name=Jackson+Kelly%2C+PLLC,Association guide discovery — verify current operations and oil/gas fit against company source,"Jackson Kelly PLLC is a national law firm representing leading global corporations, national companies, entrepreneurs and individuals in areas of law such as environmental, business, labor and employment,..."
"Jackson Kelly, PLLC","Post Office Box 553, Charleston, WV 25322",(304) 340-1258,,Environmental Law; Safety and Health Law,West Virginia oil and gas industry buyers guide,WV,,https://www.wvoilgasbuyersguide.com/listings.php?section_id=%25&cat=Legal+Services&scat=Environmental+Law&num=100; https://www.wvoilgasbuyersguide.com/listings.php?section_id=%25&cat=Legal+Services&scat=Safety+and+Health+Law&num=100,Association guide discovery — verify current operations and oil/gas fit against company source,
L. A. Gates Company,,,http://www.lagates.com,Environmental Services,West Virginia oil and gas industry buyers guide,WV,,https://www.wvoilgasbuyersguide.com/listing.php?listing_id=660002306&company_name=L.+A.+Gates+Company,Association guide discovery — verify current operations and oil/gas fit against company source,"L.A. Gates Company is a full-service professional engineering firm providing comprehensive solutions in Natural Gas Compression, Measurement, and Pipeline Engineering, Civil and Structural Engineering, Commissioning, Environmental Engineering,..."
"Law Office of Philip A. Reale, PLLC","2220 Washington St E, Suite 1, Charleston, WV 25311",(304) 444-9329,,Safety and Health Law,West Virginia oil and gas industry buyers guide,WV,,https://www.wvoilgasbuyersguide.com/listings.php?section_id=%25&cat=Legal+Services&scat=Safety+and+Health+Law&num=100,Association guide discovery — verify current operations and oil/gas fit against company source,
Leslie Equipment Company,"19 Goff Crossing Drive, Cross Lanes, WV 25313",(304) 204-1818,,Equipment Rental / Repairs; Generator Sales / Rental / Service; Production Equipment Sales and Service,West Virginia oil and gas industry buyers guide,WV,,https://www.wvoilgasbuyersguide.com/listings.php?section_id=%25&cat=Equipment+%26+Supplies&scat=Equipment+Rental+%2F+Repairs&num=100; https://www.wvoilgasbuyersguide.com/listings.php?section_id=%25&cat=Equipment+Sales%2F+Rentals&scat=Generator+Sales+%2F+Rental+%2F+Service&num=100; https://www.wvoilgasbuyersguide.com/listings.php?section_id=%25&cat=Equipment+Sales%2F+Rentals&scat=Production+Equipment+Sales+and+Service&num=100,Association guide discovery — verify current operations and oil/gas fit against company source,
Leslie Equipment Company,"6248 Webster Road, Cowen, WV 26206",(888) 694-4695,http://www.lec1.com/,Equipment Rental / Repairs; Generator Sales / Rental / Service; Production Equipment Sales and Service,West Virginia oil and gas industry buyers guide,WV,,https://www.wvoilgasbuyersguide.com/listing.php?listing_id=780000614&company_name=Leslie+Equipment+Company,Association guide discovery — verify current operations and oil/gas fit against company source,"Leslie Equipment Company is a full line John Deere Construction and Forestry Dealer with locations in West Virginia, Ohio and Kentucky. Leslie Equipment has 8 Full service locations that..."
Lewis Gianola PLLC,"300 Summers Street, Suite 700, Charleston, WV 25301",(304) 345-2000,http://www.lewisgianola.com,Environmental Law; Safety and Health Law,West Virginia oil and gas industry buyers guide,WV,,https://www.wvoilgasbuyersguide.com/listing.php?listing_id=780000625&company_name=Lewis+Gianola+PLLC,Association guide discovery — verify current operations and oil/gas fit against company source,Lewis Gianola's over 50-year history of providing legal services throughout West Virginia and Ohio has strong roots in the experience and traditions of our region. Lewis Gianola is...
Lewis Gianola PLLC,"Post Office Box 1746, Charleston, WV 25326",(304) 550-5733,,Environmental Law; Safety and Health Law,West Virginia oil and gas industry buyers guide,WV,,https://www.wvoilgasbuyersguide.com/listings.php?section_id=%25&cat=Legal+Services&scat=Environmental+Law&num=100; https://www.wvoilgasbuyersguide.com/listings.php?section_id=%25&cat=Legal+Services&scat=Safety+and+Health+Law&num=100,Association guide discovery — verify current operations and oil/gas fit against company source,
"Martin Marietta Materials, Inc.","1601 Grand Central Avenue, Suite 10, Vienna, WV 26105",(304) 679-9078,http://www.martinmarietta.com,Oilfield Construction / Contractors; Pipeline Construction; Road Construction / Repair,West Virginia oil and gas industry buyers guide,WV,,https://www.wvoilgasbuyersguide.com/listing.php?listing_id=750002895&company_name=Martin+Marietta+Materials%2C+Inc.,Association guide discovery — verify current operations and oil/gas fit against company source,"Martin Marietta offers high-quality limestone, sand, and gravel with yards in Charleston, Institute, Parkersburg, Burning Springs/US RT 50, and New Martinsville WV. Sales by truck or barge available."
"Mason Dixon Energy Services, LLC","4115 Dragon Highway, Suite 1, Cameron, WV 26033",(304) 686-2010,http://www.masondixonenergyservices.com,Environmental Construction; Pipeline Maintenance; Road Construction / Repair; Trucking Services,West Virginia oil and gas industry buyers guide,WV,,https://www.wvoilgasbuyersguide.com/listing.php?listing_id=750003011&company_name=Mason+Dixon+Energy+Services%2C+LLC,Association guide discovery — verify current operations and oil/gas fit against company source,"Mason Dixon Energy Services, LLC was established in January of 2018 with the purpose of providing best in class pipeline maintenance services, tactical style projects, and other operational support..."
Matheny Motors,"Post Office Box 1304, Parkersburg, WV 26102",(304) 485-4418,http://www.mathenymotors.com/,Oilfield Trucking; Trucking Services; Wireline and Logging Services,West Virginia oil and gas industry buyers guide,WV,,https://www.wvoilgasbuyersguide.com/listing.php?listing_id=660002593&company_name=Matheny+Motors,Association guide discovery — verify current operations and oil/gas fit against company source,"The Matheny Motors dealership has locations in Parkersburg, WV; Nitro, WV; Kenova, WV; Marietta, OH; Mineral Wells, WV; and Woodbridge, Virginia. Our tradition of excellence started in 1922 and..."
"Matthews Lubricants, Inc.","17 Route 50 West, Clarksburg, WV 26302",(304) 623-3361,,Chemical Supplies,West Virginia oil and gas industry buyers guide,WV,,https://www.wvoilgasbuyersguide.com/listing.php?listing_id=1050004667&company_name=Matthews+Lubricants%2C+Inc.,Association guide discovery — verify current operations and oil/gas fit against company source,"Built on a solid foundation of petroleum-related enterprises, Matthews Lubricants specializes in the manufacturing and distribution of petroleum-related products to commercial and industrial marketplaces with an emphasis on..."
Meadows Well Service LLC,"45 Meadows Drive, Ravenswood, WV 26164",(304) 532-8123,,Well Services,West Virginia oil and gas industry buyers guide,WV,,https://www.wvoilgasbuyersguide.com/listings.php?section_id=%25&cat=Professional+Services&scat=Well+Services&num=100,Association guide discovery — verify current operations and oil/gas fit against company source,
Miller Pipeline,"8850 Crawfordsville Road, Indianapolis, IN 46234",(317) 293-0278,,Pipeline Integrity,West Virginia oil and gas industry buyers guide,WV,,https://www.wvoilgasbuyersguide.com/listings.php?section_id=%25&cat=Regulatory&scat=Pipeline+Integrity&num=100,Association guide discovery — verify current operations and oil/gas fit against company source,
Miller Supply of WV,"26270 State Route 7, Marietta, OH 45750",(740) 350-3688,,Production Equipment Sales and Service,West Virginia oil and gas industry buyers guide,WV,,https://www.wvoilgasbuyersguide.com/listings.php?section_id=%25&cat=Equipment+Sales%2F+Rentals&scat=Production+Equipment+Sales+and+Service&num=100,Association guide discovery — verify current operations and oil/gas fit against company source,
Miller Supply of WV,"Weston, WV 26452",(304) 269-3850,http://www.kenmillersupply.com,Production Equipment Sales and Service,West Virginia oil and gas industry buyers guide,WV,,https://www.wvoilgasbuyersguide.com/listing.php?listing_id=660002277&company_name=Miller+Supply+of+WV,Association guide discovery — verify current operations and oil/gas fit against company source,"Ken Miller Supply, Inc. operates a chain of ""full service"" Oilfield Supply Stores, with 6 locations in the Appalachian Basin. Searching for Oil Country Tubular Goods, We're the place..."
Morain Sales & Services Inc.,"1217 Salt Springs Road, Mineral Ridge, OH 44440",(330) 652-8448,http://www.morainsales.com,Equipment Rental / Repairs; PE Fusion Equipment,West Virginia oil and gas industry buyers guide,WV,,https://www.wvoilgasbuyersguide.com/listing.php?listing_id=660002524&company_name=Morain+Sales+%26+Services+Inc.,Association guide discovery — verify current operations and oil/gas fit against company source,We Specialize in equipment for PE Pipe. McElroy Fusion Equipment Sales & Rentals. Contacts: Pat - pat@morainsales.com Tina Whiteman - Tina@Morainsales.com
Morris Mountaineer Mineral Management,"121 Steele Street, Bridgeport, WV 26330",(304) 997-0652,,Crude Oil Buyer and Transporter,West Virginia oil and gas industry buyers guide,WV,,https://www.wvoilgasbuyersguide.com/listings.php?section_id=%25&cat=Transportation&scat=Crude+Oil+Buyer+and+Transporter&num=100,Association guide discovery — verify current operations and oil/gas fit against company source,
"Noah Horn Well Drilling, Inc","Post Office Box 269, Vansant, VA 24656",(276) 935-5902,,Well Services,West Virginia oil and gas industry buyers guide,WV,"Noah Horn Well Drilling, Inc.",https://www.wvoilgasbuyersguide.com/listings.php?section_id=%25&cat=Professional+Services&scat=Well+Services&num=100,Association guide discovery — verify current operations and oil/gas fit against company source,
Northrup Equipment Co.,"Post Office Box 1461, Beverly, OH 45715",(741) 410-1007,,Oilfield Construction / Contractors; Equipment Supply / Manufacturer; Production Equipment Sales and Service; Oilfield Products; Oilfield Services; Equipment Rental / Repairs,West Virginia oil and gas industry buyers guide,WV,,https://www.paoilgasbuyersguide.com/listings.php?section_id=%25&cat=Construction&scat=Oilfield+Construction+%2F+Contractors&num=100; https://www.paoilgasbuyersguide.com/listings.php?section_id=%25&cat=Equipment+%26+Supplies&scat=Equipment+Supply+%2F+Manufacturer&num=100; https://www.paoilgasbuyersguide.com/listings.php?section_id=%25&cat=Equipment+Sales&scat=Production+Equipment+Sales+and+Service&num=100; https://www.paoilgasbuyersguide.com/listings.php?section_id=%25&cat=Professional+Services&scat=Oilfield+Products&num=100; https://www.paoilgasbuyersguide.com/listings.php?section_id=%25&cat=Professional+Services&scat=Oilfield+Services&num=100; https://www.wvoilgasbuyersguide.com/listings.php?section_id=%25&cat=Equipment+%26+Supplies&scat=Equipment+Rental+%2F+Repairs&num=100,Association guide discovery — verify current operations and oil/gas fit against company source,
"Open Range Resources, LLC","14645 WV RT 18 S, New Milton, WV 26411",(304) 629-2293,,Environmental Construction; Road Construction / Repair,West Virginia oil and gas industry buyers guide,WV,,https://www.wvoilgasbuyersguide.com/listing.php?listing_id=750003611&company_name=Open+Range+Resources%2C+LLC,Association guide discovery — verify current operations and oil/gas fit against company source,"Established in 2017 by Levi Hinterer, Open Range Resources is based out of New Milton, WV. Open Range Resources early beginnings served the local farmer building fence and water..."
Paragon Integrated Services Group,"688 Chapel Drive, Fombell, PA 16123",(203) 558-3123,,Drilling Services,West Virginia oil and gas industry buyers guide,WV,,https://www.wvoilgasbuyersguide.com/listings.php?section_id=%25&cat=Drilling&scat=Drilling+Services&num=100,Association guide discovery — verify current operations and oil/gas fit against company source,
"Paramount Safety Supplies, LLC","Post Office Box 93, Jane Lew, WV 26378",(304) 918-7730,,Safety Supplies,West Virginia oil and gas industry buyers guide,WV,,https://www.wvoilgasbuyersguide.com/listings.php?section_id=%25&cat=Safety+Supplies&scat=Safety+Supplies&num=100,Association guide discovery — verify current operations and oil/gas fit against company source,
"Perkins Supply, Inc","2966 Northwest TPKE, Pennsboro, WV 26415",(304) 659-3570,,Equipment Rental / Repairs,West Virginia oil and gas industry buyers guide,WV,,https://www.wvoilgasbuyersguide.com/listings.php?section_id=%25&cat=Equipment+%26+Supplies&scat=Equipment+Rental+%2F+Repairs&num=100,Association guide discovery — verify current operations and oil/gas fit against company source,
"Phoenix Diversified Ventures, LLC","2402 Hilltop Road, Presto, PA 15142",(412) 721-8681,,Construction Management Services,West Virginia oil and gas industry buyers guide,WV,,https://www.wvoilgasbuyersguide.com/listings.php?section_id=%25&cat=Construction&scat=Construction+Management+Services&num=100,Association guide discovery — verify current operations and oil/gas fit against company source,
Pipeliners Local 798,"119 Stoffel Road, Elkview, WV 25071",(918) 622-1900,,Pipeline Construction,West Virginia oil and gas industry buyers guide,WV,,https://www.wvoilgasbuyersguide.com/listings.php?section_id=%25&cat=Construction&scat=Pipeline+Construction&num=100,Association guide discovery — verify current operations and oil/gas fit against company source,
Precision Pipeline Equipment,"253 Walnut Street, Houston, PA 15342",(412) 889-5216,,Pipeline Construction,West Virginia oil and gas industry buyers guide,WV,,https://www.wvoilgasbuyersguide.com/listings.php?section_id=%25&cat=Construction&scat=Pipeline+Construction&num=100,Association guide discovery — verify current operations and oil/gas fit against company source,
"Preston Contractors, Inc.","Post Office Box 606, Kingwood, WV 26537",(304) 329-2129,,"Construction Management Services; Oilfield Construction / Contractors; Water Line, Sewer and Storm Drain Construction",West Virginia oil and gas industry buyers guide,WV,,https://www.wvoilgasbuyersguide.com/listings.php?section_id=%25&cat=Construction&scat=Construction+Management+Services&num=100; https://www.wvoilgasbuyersguide.com/listings.php?section_id=%25&cat=Construction&scat=Oilfield+Construction+%2F+Contractors&num=100; https://www.wvoilgasbuyersguide.com/listings.php?section_id=%25&cat=Construction&scat=Water+Line%2C+Sewer+and+Storm+Drain+Construction&num=100,Association guide discovery — verify current operations and oil/gas fit against company source,
PSS Industrial Group,"9397 Sunrise Drive, Cambridge, OH 43725",(740) 432-6681,,Midstream Pipeline,West Virginia oil and gas industry buyers guide,WV,,https://www.wvoilgasbuyersguide.com/listings.php?section_id=%25&cat=Professional+Services&scat=Midstream+Pipeline&num=100,Association guide discovery — verify current operations and oil/gas fit against company source,
Ridge Runner Pipeline Services,"Post Office Box 159, Maidsville, WV 26541",(304) 904-5616,,Pipeline Maintenance; Pipeline Testing & Inspections; Pressure Testing,West Virginia oil and gas industry buyers guide,WV,,https://www.wvoilgasbuyersguide.com/listings.php?section_id=%25&cat=Construction&scat=Pipeline+Maintenance&num=100; https://www.wvoilgasbuyersguide.com/listings.php?section_id=%25&cat=Professional+Services&scat=Pipeline+Testing+%26+Inspections&num=100; https://www.wvoilgasbuyersguide.com/listings.php?section_id=%25&cat=Professional+Services&scat=Pressure+Testing&num=100,Association guide discovery — verify current operations and oil/gas fit against company source,
"Robey Excavating, LLC","Post Office Box 429, Lumberport, WV 26386",(304) 783-4491,,"Oilfield Construction / Contractors; Pipeline Construction; Pipeline Maintenance; Road Construction / Repair; Water Line, Sewer and Storm Drain Construction",West Virginia oil and gas industry buyers guide,WV,,https://www.wvoilgasbuyersguide.com/listing.php?listing_id=1050004860&company_name=Robey+Excavating%2C+LLC,Association guide discovery — verify current operations and oil/gas fit against company source,
Rugged Telemetry,"145 Osborne Drive, Pittston, PA 18640",(973) 446-0799,,Automation,West Virginia oil and gas industry buyers guide,WV,,https://www.wvoilgasbuyersguide.com/listings.php?section_id=%25&cat=Equipment+%26+Supplies&scat=Automation&num=100,Association guide discovery — verify current operations and oil/gas fit against company source,
S2W Contracting,"295 State Rte 1002, Tunkhannock, PA 18657",(570) 836-8362,http://www.s2wcontracting.com,Oilfield Construction / Contractors; Gas Compressors; Gas Field Equipment Repair; Oilfield Services,West Virginia oil and gas industry buyers guide,WV,,https://www.wvoilgasbuyersguide.com/listing.php?listing_id=660002350&company_name=S2W+Contracting,Association guide discovery — verify current operations and oil/gas fit against company source,"S2W specializes in Turbomachinery installation, Gas Compression services, Millwright & Grouting Services Visit us here: http://s2wcontracting.com/index.html"
"Shafer Equipment, Llc","141 Campbells Creek Drive, Charleston, WV 25306",(304) 552-9827,,Equipment Rental / Repairs,West Virginia oil and gas industry buyers guide,WV,,https://www.wvoilgasbuyersguide.com/listings.php?section_id=%25&cat=Equipment+%26+Supplies&scat=Equipment+Rental+%2F+Repairs&num=100,Association guide discovery — verify current operations and oil/gas fit against company source,
Shriver Trucking Co Inc.,"Post Office Box 1171, Weston, WV 26452",(304) 546-4385,,Transportation,West Virginia oil and gas industry buyers guide,WV,,https://www.wvoilgasbuyersguide.com/listings.php?section_id=%25&cat=Transportation&scat=Transportation&num=100,Association guide discovery — verify current operations and oil/gas fit against company source,
"Spirit Energy Services, LLC","Post Office Box 819, Nitro, WV 25143",(304) 989-6016,,Environmental Services; Midstream Pipeline; Environmental Products; Safety Supplies; Oilfield Trucking; Transportation; Trucking Services,West Virginia oil and gas industry buyers guide,WV,,https://www.paoilgasbuyersguide.com/listings.php?section_id=%25&cat=Professional+Services&scat=Environmental+Services&num=100; https://www.paoilgasbuyersguide.com/listings.php?section_id=%25&cat=Professional+Services&scat=Midstream+Pipeline&num=100; https://www.wvoilgasbuyersguide.com/listings.php?section_id=%25&cat=Equipment+%26+Supplies&scat=Environmental+Products&num=100; https://www.wvoilgasbuyersguide.com/listings.php?section_id=%25&cat=Professional+Services&scat=Environmental+Services&num=100; https://www.wvoilgasbuyersguide.com/listings.php?section_id=%25&cat=Safety+Supplies&scat=Safety+Supplies&num=100; https://www.wvoilgasbuyersguide.com/listings.php?section_id=%25&cat=Transportation&scat=Oilfield+Trucking&num=100; https://www.wvoilgasbuyersguide.com/listings.php?section_id=%25&cat=Transportation&scat=Transportation&num=100; https://www.wvoilgasbuyersguide.com/listings.php?section_id=%25&cat=Transportation&scat=Trucking+Services&num=100,Association guide discovery — verify current operations and oil/gas fit against company source,
"Spirit Energy Services, LLC.",,(877) 209-9430,http://www.spiritservices.com,Environmental Products; Environmental Services; Safety Supplies; Oilfield Trucking; Transportation; Trucking Services,West Virginia oil and gas industry buyers guide,WV,,https://www.wvoilgasbuyersguide.com/listing.php?listing_id=750002899&company_name=Spirit+Energy+Services%2C+LLC.,Association guide discovery — verify current operations and oil/gas fit against company source,"Recycling, Disposal, Industrial/Environmental Services, Specializing in Oil & Gas Midstream Operations. Charleston Region TSDFCambridge Region Class II SWIWPittsburgh Region TSDF 4 Plant Road7675 East Pike173"
State Electric Supply Company,"2010 2nd Avenue, Huntington, WV 25703",(304) 840-5209,,Electrical Supply,West Virginia oil and gas industry buyers guide,WV,,https://www.wvoilgasbuyersguide.com/listings.php?section_id=%25&cat=Equipment+%26+Supplies&scat=Electrical+Supply&num=100,Association guide discovery — verify current operations and oil/gas fit against company source,
Steptoe & Johnson PLLC,"400 White Oaks BLVD, Bridgeport, WV 26330",(614) 580-3172,,Environmental Law; Safety and Health Law,West Virginia oil and gas industry buyers guide,WV,,https://www.wvoilgasbuyersguide.com/listing.php?listing_id=750003031&company_name=Steptoe+%26+Johnson+PLLC; https://www.wvoilgasbuyersguide.com/listings.php?section_id=%25&cat=Legal+Services&scat=Environmental+Law&num=100; https://www.wvoilgasbuyersguide.com/listings.php?section_id=%25&cat=Legal+Services&scat=Safety+and+Health+Law&num=100,Association guide discovery — verify current operations and oil/gas fit against company source,
Sub Zero Solutions,"1018 Bracken Lane, Ripley, WV 25271",(304) 531-5987,,Pipeline Maintenance,West Virginia oil and gas industry buyers guide,WV,,https://www.wvoilgasbuyersguide.com/listings.php?section_id=%25&cat=Construction&scat=Pipeline+Maintenance&num=100,Association guide discovery — verify current operations and oil/gas fit against company source,
Superior Appalachian Pipeline LLC,"4000 Town Center BLVD, Suite 220, Canonsburg, PA 15317",(724) 746-6757,,Pipeline Construction,West Virginia oil and gas industry buyers guide,WV,,https://www.wvoilgasbuyersguide.com/listings.php?section_id=%25&cat=Construction&scat=Pipeline+Construction&num=100,Association guide discovery — verify current operations and oil/gas fit against company source,
Top Drilling Corporation,"12864 Staunton TPKE, Smithville, WV 26178",(304) 477-3333,,Drilling Contractors,West Virginia oil and gas industry buyers guide,WV,,https://www.wvoilgasbuyersguide.com/listings.php?section_id=%25&cat=Drilling&scat=Drilling+Contractors&num=100,Association guide discovery — verify current operations and oil/gas fit against company source,
Traymark LLC,"114 Market Street, Suite 200, Roanoke, VA 24011",(304) 238-4873,,"Environmental Construction; Oilfield Construction / Contractors; Pipeline Construction; Pipeline Maintenance; Water Line, Sewer and Storm Drain Construction",West Virginia oil and gas industry buyers guide,WV,,https://www.wvoilgasbuyersguide.com/listings.php?section_id=%25&cat=Construction&scat=Environmental+Construction&num=100; https://www.wvoilgasbuyersguide.com/listings.php?section_id=%25&cat=Construction&scat=Oilfield+Construction+%2F+Contractors&num=100; https://www.wvoilgasbuyersguide.com/listings.php?section_id=%25&cat=Construction&scat=Pipeline+Construction&num=100; https://www.wvoilgasbuyersguide.com/listings.php?section_id=%25&cat=Construction&scat=Pipeline+Maintenance&num=100; https://www.wvoilgasbuyersguide.com/listings.php?section_id=%25&cat=Construction&scat=Water+Line%2C+Sewer+and+Storm+Drain+Construction&num=100,Association guide discovery — verify current operations and oil/gas fit against company source,
TYGART Contracting,"100 Village Drive, Suite 200, Fairmont, WV 26554-7986",(304) 366-5618,https://tygartcontracting.com,Oilfield Construction / Contractors; Pipeline Construction; Oilfield Services,West Virginia oil and gas industry buyers guide,WV,,https://www.wvoilgasbuyersguide.com/listing.php?listing_id=780000716&company_name=TYGART+Contracting,Association guide discovery — verify current operations and oil/gas fit against company source,"TYGART Contracting provides temporary contractor labor, staffing, and manpower services throughout the United States of America. Currently, we have multiple offices in Indiana and West Virginia. Stop paying..."
Union Oil & Gas,"112 Brooks Street, Charleston, WV 25301",(304) 539-6904,,Crude Oil Buyer and Transporter,West Virginia oil and gas industry buyers guide,WV,,https://www.wvoilgasbuyersguide.com/listings.php?section_id=%25&cat=Transportation&scat=Crude+Oil+Buyer+and+Transporter&num=100,Association guide discovery — verify current operations and oil/gas fit against company source,
United Rentals,"573 New Goff MTN Road, Cross Lanes, WV 25313",(304) 208-6389,,Equipment Rental / Repairs,West Virginia oil and gas industry buyers guide,WV,,https://www.wvoilgasbuyersguide.com/listings.php?section_id=%25&cat=Equipment+%26+Supplies&scat=Equipment+Rental+%2F+Repairs&num=100,Association guide discovery — verify current operations and oil/gas fit against company source,
USA Compression,"4000 Town Center Boulevard, Canonsburg, PA 15317",(412) 480-6108,,Gas Compressors,West Virginia oil and gas industry buyers guide,WV,,https://www.wvoilgasbuyersguide.com/listings.php?section_id=%25&cat=Gas&scat=Gas+Compressors&num=100,Association guide discovery — verify current operations and oil/gas fit against company source,
"Utility Energy Services, LLC","1270 Little White Oak Road, Chloe, WV 25235",(304) 373-8091,https://utilityenergyservices.com/,"Construction Management Services; Environmental Construction; Mechanical & Industrial Construction; Oilfield Construction / Contractors; Pipeline Construction; Pipeline Maintenance; Stairs, Platforms, Ladders, Handrail Construction; Water Line, Sewer and Storm Drain Construction; Environmental Products; Equipment Rental / Repairs; Trucking Services",West Virginia oil and gas industry buyers guide,WV,,https://www.wvoilgasbuyersguide.com/listing.php?listing_id=750002796&company_name=Utility+Energy+Services%2C+LLC,Association guide discovery — verify current operations and oil/gas fit against company source,"Headquartered in West Virginia, Utility Energy Services also known as UES is a provider for the oil and gas industry. We commit ourselves to provide the most cost-effective..."
"Valence Drilling Fluids, LLC","47060 Black Walnut Parkway, Woodsfield, OH 43793",(210) 884-6311,,Drilling Contractors,West Virginia oil and gas industry buyers guide,WV,,https://www.wvoilgasbuyersguide.com/listings.php?section_id=%25&cat=Drilling&scat=Drilling+Contractors&num=100,Association guide discovery — verify current operations and oil/gas fit against company source,
Viking Well Service Inc.,"114 Southgate Parkway, Cambridge, OH 43725",(304) 545-7218,,Well Services,West Virginia oil and gas industry buyers guide,WV,,https://www.wvoilgasbuyersguide.com/listings.php?section_id=%25&cat=Professional+Services&scat=Well+Services&num=100,Association guide discovery — verify current operations and oil/gas fit against company source,
"Waterford Tank & Fabrication, Ltd","203 St Rte 83, Beverly, OH 45750",(740) 984-4100,http://www.waterfordtanks.com,Gas Compressors; Midstream Pipeline; Oilfield Products; Oilfield Services; Well Services,West Virginia oil and gas industry buyers guide,WV,,https://www.wvoilgasbuyersguide.com/listing.php?listing_id=660002747&company_name=Waterford+Tank+%26+Fabrication%2C+Ltd,Association guide discovery — verify current operations and oil/gas fit against company source,"Waterford Tank & Fabrication is the leading manufacturer of above-ground storage tanks and custom ASME pressure vessels for oil, natural gas, propane, and chemical industries and others who require..."
Welltec,"212 Commerce Park Drive, Cranberry TWP, PA 16066",(412) 995-0786,,Well Services,West Virginia oil and gas industry buyers guide,WV,,https://www.wvoilgasbuyersguide.com/listings.php?section_id=%25&cat=Professional+Services&scat=Well+Services&num=100,Association guide discovery — verify current operations and oil/gas fit against company source,
West Penn Energy Services LLC,"865 State RT 210, Shelocta, PA 15774",(724) 354-4118,http://www.wpes-pa.com,Oilfield Construction / Contractors; Pipeline Construction; Oilfield Trucking; Trucking Services,West Virginia oil and gas industry buyers guide,WV,West Penn Energy Services,https://www.wvoilgasbuyersguide.com/listing.php?listing_id=660002280&company_name=West+Penn+Energy+Services+LLC,Association guide discovery — verify current operations and oil/gas fit against company source,"West Penn Energy Services provides the following services: Pipeline & Facility Construction, Excavation, Welding & Fabrication, Heavy Haul Trucking & Rig Moves"
"West Penn Energy Services, LLC","865 St RT 210, Shelocta, PA 15774",(412) 559-2450,,Oilfield Construction / Contractors; Pipeline Construction; Inspections; Pressure Testing; Oilfield Trucking; Trucking Services,West Virginia oil and gas industry buyers guide,WV,West Penn Energy Services,https://www.wvoilgasbuyersguide.com/listings.php?section_id=%25&cat=Construction&scat=Oilfield+Construction+%2F+Contractors&num=100; https://www.wvoilgasbuyersguide.com/listings.php?section_id=%25&cat=Construction&scat=Pipeline+Construction&num=100; https://www.wvoilgasbuyersguide.com/listings.php?section_id=%25&cat=Professional+Services&scat=Inspections&num=100; https://www.wvoilgasbuyersguide.com/listings.php?section_id=%25&cat=Professional+Services&scat=Pressure+Testing&num=100; https://www.wvoilgasbuyersguide.com/listings.php?section_id=%25&cat=Transportation&scat=Oilfield+Trucking&num=100; https://www.wvoilgasbuyersguide.com/listings.php?section_id=%25&cat=Transportation&scat=Trucking+Services&num=100,Association guide discovery — verify current operations and oil/gas fit against company source,
West Virginia Oil & Gas Festival,"Post Office Box 25, Sistersville, WV 26175",(907) 978-7127,,Crude Oil Buyer and Transporter,West Virginia oil and gas industry buyers guide,WV,,https://www.wvoilgasbuyersguide.com/listings.php?section_id=%25&cat=Transportation&scat=Crude+Oil+Buyer+and+Transporter&num=100,Association guide discovery — verify current operations and oil/gas fit against company source,
Western Branch Diesel,"1616 Metric Avenue, Canton, OH 44706",(330) 205-3840,http://www.westernbranchdiesel.com,Equipment Rental / Repairs; Trucking Services,West Virginia oil and gas industry buyers guide,WV,,https://www.wvoilgasbuyersguide.com/listing.php?listing_id=660002746&company_name=Western+Branch+Diesel,Association guide discovery — verify current operations and oil/gas fit against company source,"Western Branch Diesel is a distributor and service provider for Detroit Diesel, MTU, Volvo Penta and Allison Transmissions. Headquartered in Portsmouth, Virginia, Western Branch Diesel operates out of 12..."
Williams,"100 Teletech Drive, Moundsville, WV 26041",(304) 843-3100,http://www.williams.com,Gas Processing,West Virginia oil and gas industry buyers guide,WV,,https://www.wvoilgasbuyersguide.com/listing.php?listing_id=660002491&company_name=Williams,Association guide discovery — verify current operations and oil/gas fit against company source,"Williams handles 30% of the natural gas in the United States that is used every day to heat our homes, cook our food and generate electricity. We work with..."
Williams,"2000 Commerce Drive, Park Place Corp Center Two, Pittsburgh, PA 15275",(505) 787-7698,,Gas Processing,West Virginia oil and gas industry buyers guide,WV,,https://www.wvoilgasbuyersguide.com/listings.php?section_id=%25&cat=Gas&scat=Gas+Processing&num=100,Association guide discovery — verify current operations and oil/gas fit against company source,
"Worldwide Equipment of WV, Inc.","Post Office Box 171, Jane Lew, WV 26378",(304) 884-7815,,Trucking Services,West Virginia oil and gas industry buyers guide,WV,,https://www.wvoilgasbuyersguide.com/listings.php?section_id=%25&cat=Transportation&scat=Trucking+Services&num=100,Association guide discovery — verify current operations and oil/gas fit against company source,
WV Oil and Gas Museum,"Post Office Box 1685, Parkersburg, WV 26101",(304) 481-0332,,Crude Oil Buyer and Transporter,West Virginia oil and gas industry buyers guide,WV,,https://www.wvoilgasbuyersguide.com/listings.php?section_id=%25&cat=Transportation&scat=Crude+Oil+Buyer+and+Transporter&num=100,Association guide discovery — verify current operations and oil/gas fit against company source,
WV Oil Marketers and Grocers Association,"2006 Kanawha BLVD East, Charleston, WV 25311",(304) 552-4441,,Crude Oil Buyer and Transporter,West Virginia oil and gas industry buyers guide,WV,,https://www.wvoilgasbuyersguide.com/listings.php?section_id=%25&cat=Transportation&scat=Crude+Oil+Buyer+and+Transporter&num=100,Association guide discovery — verify current operations and oil/gas fit against company source,
Zefiro Methane Corp,"501 E Las Olas BLVD, Suite 200, Fort Lauderdale, FL 33301",(814) 596-0038,,Environmental Services; Oilfield Services,West Virginia oil and gas industry buyers guide,WV,,https://www.wvoilgasbuyersguide.com/listings.php?section_id=%25&cat=Professional+Services&scat=Environmental+Services&num=100; https://www.wvoilgasbuyersguide.com/listings.php?section_id=%25&cat=Professional+Services&scat=Oilfield+Services&num=100,Association guide discovery — verify current operations and oil/gas fit against company source,
