Company Name,Primary Category,Vendor Scale,Local Vendor Priority,Address,City,State,Phone,Website,Latitude,Longitude,Map Status,Priority,Verification Status,Source URL,Notes,Oilfield Specific Fit,Location Role / Satellite Type,Expansion Source,Original Latitude,Original Longitude,Map Offset Applied,Duplicate Cleanup Action,Address Completeness,Hover Separation Group,Hover Group Size,Map Behavior
"Alliance Consulting, Inc.",Consulting / Engineering / Field Services,Regional,Medium,3 Four Coins Dr #100,Canonsburg,PA,(724) 745-3630,https://www.aci-wv.com,40.2601962,-80.1779327,PIOGA directory address corroborated by current Google Places geocode,Medium,2025-2026 PIOGA directory image plus current operational Google Places match; service-scope review ongoing,https://maps.google.com/?cid=16516020748128864387,"PIOGA directory image evidence: assets/Scan_20260624_155528.jpg. Directory listed 3 Four coins Drive, STE 100, Canonsburg, PA 15317; (724) 745-3630; https://www.aci-wv.com. Google Places researched 2026-06-24.",Current PIOGA membership supports oil/gas industry relevance; exact service scope categorized from company identity and requires ongoing company-source review,Association-sourced provider location,2025-2026 PIOGA Membership Directory asset-image extraction,,,,"Deduplicated by directory address, phone, and current Places identity",Public street address / Google Places geocode,40.2601962|-80.1779327,1,Single marker; tooltip opens on click
Assist Services,Oil & Gas Field Services / Industry Support,Regional,Medium,207 Carlton Dr,Eighty Four,PA,(724) 239-2037,https://www.assistservicesllc.com,40.1644374,-80.0659769,PIOGA directory address corroborated by current Google Places geocode,Medium,2025-2026 PIOGA directory image plus current operational Google Places match; service-scope review ongoing,https://maps.google.com/?cid=2893113309564643912,"PIOGA directory image evidence: assets/Scan_20260624_155538.jpg. Directory listed 207 Carlton Drive, Eighty Four, PA 15330; (724) 466-n95; https://www.assistservicesllc.com. Google Places researched 2026-06-24.",Current PIOGA membership supports oil/gas industry relevance; exact service scope categorized from company identity and requires ongoing company-source review,Association-sourced provider location,2025-2026 PIOGA Membership Directory asset-image extraction,,,,"Deduplicated by directory address, phone, and current Places identity",Public street address / Google Places geocode,40.1644374|-80.0659769,1,Single marker; tooltip opens on click
B&B Oilfield Equipment Corporation,Oilfield / Pipeline Equipment & Supply,Regional,Medium,8791 Gomers Ln,New Alexandria,PA,(412) 394-5400,https://www.babstcalland.com,40.41337499999999,-79.378438,PIOGA directory address corroborated by current Google Places geocode,Medium,2025-2026 PIOGA directory image plus current operational Google Places match; service-scope review ongoing,https://maps.google.com/?cid=9659160935172415807,"PIOGA directory image evidence: assets/Scan_20260624_155538.jpg. Directory listed 8791 Route 22 East, New Alexandria, PA 15670; (412) 394-5400; https://www.babstcalland.com. Google Places researched 2026-06-24.",Current PIOGA membership supports oil/gas industry relevance; exact service scope categorized from company identity and requires ongoing company-source review,Association-sourced provider location,2025-2026 PIOGA Membership Directory asset-image extraction,,,,"Deduplicated by directory address, phone, and current Places identity",Public street address / Google Places geocode,40.41337499999999|-79.378438,1,Single marker; tooltip opens on click
"Billman Geologic Consultants, Inc.",Geoscience / Geophysical / Geological Consulting,Regional,Medium,470 Spruce Ln,Houston,PA,(724) 916-4557,https://www.billmangeologic.com,40.242135,-80.22326489999999,PIOGA directory address corroborated by current Google Places geocode,Medium,2025-2026 PIOGA directory image plus current operational Google Places match; service-scope review ongoing,https://maps.google.com/?cid=10461413907667273252,"PIOGA directory image evidence: assets/Scan_20260624_155546.jpg. Directory listed 470 Spruce Lane, Houston, PA 15342; (724) 916-4557; https://www.billmangeologic.com. Google Places researched 2026-06-24.",Current PIOGA membership supports oil/gas industry relevance; exact service scope categorized from company identity and requires ongoing company-source review,Association-sourced provider location,2025-2026 PIOGA Membership Directory asset-image extraction,,,,"Deduplicated by directory address, phone, and current Places identity",Public street address / Google Places geocode,40.242135|-80.22326489999999,1,Single marker; tooltip opens on click
"Bj Inspections, Inc.",Inspection / Integrity / Camera Services,Regional,Medium,246 Maple St,Westfield,PA,(814) 367-0419,https://www.bjinspections.com,41.9162802,-77.5358761,PIOGA directory address corroborated by current Google Places geocode,Medium,2025-2026 PIOGA directory image plus current operational Google Places match; service-scope review ongoing,https://maps.google.com/?cid=6914409965503755098,"PIOGA directory image evidence: assets/Scan_20260624_155556.jpg. Directory listed 246 Maple Street, Westfield, PA 16950; (814) 367-0419; https://www.bjinspections.com. Google Places researched 2026-06-24.",Current PIOGA membership supports oil/gas industry relevance; exact service scope categorized from company identity and requires ongoing company-source review,Association-sourced provider location,2025-2026 PIOGA Membership Directory asset-image extraction,,,,"Deduplicated by directory address, phone, and current Places identity",Public street address / Google Places geocode,41.9162802|-77.5358761,1,Single marker; tooltip opens on click
"Bluewater, Inc.",Environmental / Water / Chemical Services,Regional,Medium,2335 Jefferson Ave,Washington,PA,(724) 548-1812,https://bluewateroilfield.com/,40.1931698,-80.2892037,PIOGA directory address corroborated by current Google Places geocode,Medium,2025-2026 PIOGA directory image plus current operational Google Places match; service-scope review ongoing,https://maps.google.com/?cid=4226843815468083682,"PIOGA directory image evidence: assets/Scan_20260624_155556.jpg. Directory listed 2335 Jefferson Avenue, Washington, PA 15301; (724) 548-1812; https://www.bradigans.com. Google Places researched 2026-06-24.",Current PIOGA membership supports oil/gas industry relevance; exact service scope categorized from company identity and requires ongoing company-source review,Association-sourced provider location,2025-2026 PIOGA Membership Directory asset-image extraction,,,,"Deduplicated by directory address, phone, and current Places identity",Public street address / Google Places geocode,40.1931698|-80.2892037,1,Single marker; tooltip opens on click
"Chemstream, Inc.",Environmental / Water / Chemical Services,Regional,Medium,511 Railroad Ave,Homer City,PA,(814) 594-5028,https://www.chemstream.com,40.5363823,-79.1648603,PIOGA directory address corroborated by current Google Places geocode,Medium,2025-2026 PIOGA directory image plus current operational Google Places match; service-scope review ongoing,https://maps.google.com/?cid=2453375128281156339,"PIOGA directory image evidence: assets/Scan_20260624_155556.jpg. Directory listed 511 Railroad Avenue, Homer city, PA 15748; (814) 594-5028; https://www.chemstream.com. Google Places researched 2026-06-24.",Current PIOGA membership supports oil/gas industry relevance; exact service scope categorized from company identity and requires ongoing company-source review,Association-sourced provider location,2025-2026 PIOGA Membership Directory asset-image extraction,,,,"Deduplicated by directory address, phone, and current Places identity",Public street address / Google Places geocode,40.5363823|-79.1648603,1,Single marker; tooltip opens on click
"Civil & Environmental Consultants, Inc.",Environmental / Water / Chemical Services,Regional,Medium,227 S Main St,Athens,PA,(570) 886-2077,https://www.cecinc.com/,41.95785009999999,-76.51833859999999,PIOGA directory address corroborated by current Google Places geocode,Medium,2025-2026 PIOGA directory image plus current operational Google Places match; service-scope review ongoing,https://maps.google.com/?cid=10367228667620330321,"PIOGA directory image evidence: assets/Scan_20260624_155604.jpg. Directory listed 227 S. Main street, Athens, PA 18810-1613; (570) 886-2077; website not listed. Google Places researched 2026-06-24.",Current PIOGA membership supports oil/gas industry relevance; exact service scope categorized from company identity and requires ongoing company-source review,Association-sourced provider location,2025-2026 PIOGA Membership Directory asset-image extraction,,,,"Deduplicated by directory address, phone, and current Places identity",Public street address / Google Places geocode,41.95785009999999|-76.51833859999999,1,Single marker; tooltip opens on click
"Civil & Environmental Consultants, Inc.",Environmental / Water / Chemical Services,Regional,Medium,4350 Northern Pike Ste 141,Monroeville,PA,(800) 899-3610,https://www.cecinc.com,40.4258207,-79.7403588,PIOGA directory address corroborated by current Google Places geocode,Medium,2025-2026 PIOGA directory image plus current operational Google Places match; service-scope review ongoing,https://maps.google.com/?cid=8168415291668495251,"PIOGA directory image evidence: assets/Scan_20260624_155556.jpg. Directory listed 4350 Northern Pike, STE 141, Monroeville, PA 15146; (800) 899-3610; https://www.cecinc.com. Google Places researched 2026-06-24.",Current PIOGA membership supports oil/gas industry relevance; exact service scope categorized from company identity and requires ongoing company-source review,Association-sourced provider location,2025-2026 PIOGA Membership Directory asset-image extraction,,,,"Deduplicated by directory address, phone, and current Places identity",Public street address / Google Places geocode,40.4258207|-79.7403588,1,Single marker; tooltip opens on click
"Civil & Environmental Consultants, Inc.",Environmental / Water / Chemical Services,Regional,Medium,700 Cherrington Pkwy,Moon Township,PA,(412) 429-2324,https://www.cecinc.com/,40.4934757,-80.2025604,PIOGA directory address corroborated by current Google Places geocode,Medium,2025-2026 PIOGA directory image plus current operational Google Places match; service-scope review ongoing,https://maps.google.com/?cid=11130216446644969785,"PIOGA directory image evidence: assets/Scan_20260624_155604.jpg. Directory listed 700 Cherrington Parkway, Moon Township, PA 15108; (412) 429-2324; website not listed. Google Places researched 2026-06-24.",Current PIOGA membership supports oil/gas industry relevance; exact service scope categorized from company identity and requires ongoing company-source review,Association-sourced provider location,2025-2026 PIOGA Membership Directory asset-image extraction,,,,"Deduplicated by directory address, phone, and current Places identity",Public street address / Google Places geocode,40.4934757|-80.2025604,1,Single marker; tooltip opens on click
Cleveland Brothers Equipment Company,Oilfield / Pipeline Equipment & Supply,Regional,Medium,1307 S 2nd St,Clearfield,PA,(814) 765-1611,https://www.clevelandbrothers.com/company/locations/clearfield,41.0061172,-78.4548128,PIOGA directory address corroborated by current Google Places geocode,Medium,2025-2026 PIOGA directory image plus current operational Google Places match; service-scope review ongoing,https://maps.google.com/?cid=3881745238144503073,"PIOGA directory image evidence: assets/20260624_155607.jpg ; assets/Scan_20260624_155617.jpg. Directory listed 1307 south 2nd Street, Clearfield, PA 16801; (814) 765-1611; website not listed. Google Places researched 2026-06-24.",Current PIOGA membership supports oil/gas industry relevance; exact service scope categorized from company identity and requires ongoing company-source review,Association-sourced provider location,2025-2026 PIOGA Membership Directory asset-image extraction,,,,"Deduplicated by directory address, phone, and current Places identity",Public street address / Google Places geocode,41.0061172|-78.4548128,1,Single marker; tooltip opens on click
Cleveland Brothers Equipment Company,Oilfield / Pipeline Equipment & Supply,Regional,Medium,5300 Paxton St,Harrisburg,PA,(717) 635-7447,https://www.clevelandbrothers.com/company/locations/harrisburg,40.2564813,-76.7964913,PIOGA directory address corroborated by current Google Places geocode,Medium,2025-2026 PIOGA directory image plus current operational Google Places match; service-scope review ongoing,https://maps.google.com/?cid=10075486019874304948,"PIOGA directory image evidence: assets/20260624_155607.jpg ; assets/Scan_20260624_155617.jpg. Directory listed 5300 Paxton Street, Harrisburg, PA 17111; (717) 635-7447; website not listed. Google Places researched 2026-06-24.",Current PIOGA membership supports oil/gas industry relevance; exact service scope categorized from company identity and requires ongoing company-source review,Association-sourced provider location,2025-2026 PIOGA Membership Directory asset-image extraction,,,,"Deduplicated by directory address, phone, and current Places identity",Public street address / Google Places geocode,40.2564813|-76.7964913,1,Single marker; tooltip opens on click
Cleveland Brothers Equipment Company,Oilfield / Pipeline Equipment & Supply,Regional,Medium,190 Earnhardt Dr,Hunker,PA,(570) 274-6164,https://www.clevelandbrothers.com,40.214321,-79.6235837,PIOGA directory address corroborated by current Google Places geocode,Medium,2025-2026 PIOGA directory image plus current operational Google Places match; service-scope review ongoing,https://maps.google.com/?cid=4659430882296424069,"PIOGA directory image evidence: assets/Scan_20260624_155604.jpg. Directory listed 190 Earnhardt Drive, Hunker, PA 15639; (570) 274-6164; https://www.clevelandbrothers.com. Google Places researched 2026-06-24.",Current PIOGA membership supports oil/gas industry relevance; exact service scope categorized from company identity and requires ongoing company-source review,Association-sourced provider location,2025-2026 PIOGA Membership Directory asset-image extraction,,,,"Deduplicated by directory address, phone, and current Places identity",Public street address / Google Places geocode,40.214321|-79.6235837,1,Single marker; tooltip opens on click
Cleveland Brothers Equipment Company,Oilfield / Pipeline Equipment & Supply,Regional,Medium,4565 William Penn Hwy,Murrysville,PA,(724) 327-1300,https://www.clevelandbrothers.com/company/locations/murrysville,40.4236373,-79.67020769999999,PIOGA directory address corroborated by current Google Places geocode,Medium,2025-2026 PIOGA directory image plus current operational Google Places match; service-scope review ongoing,https://maps.google.com/?cid=3279835285645114335,"PIOGA directory image evidence: assets/20260624_155607.jpg ; assets/Scan_20260624_155617.jpg. Directory listed 4565 William Penn Highway, Murrysville, PA 15668-2016; (724) 327-1300; website not listed. Google Places researched 2026-06-24.",Current PIOGA membership supports oil/gas industry relevance; exact service scope categorized from company identity and requires ongoing company-source review,Association-sourced provider location,2025-2026 PIOGA Membership Directory asset-image extraction,,,,"Deduplicated by directory address, phone, and current Places identity",Public street address / Google Places geocode,40.4236373|-79.67020769999999,1,Single marker; tooltip opens on click
Douglas Pipeline Company,Pipeline Construction / Integrity / Equipment,Regional,Medium,929 Park Ave,Pittsburgh,PA,(412) 298-0917,https://www.douglaspipeline.com,40.366167,-80.0243029,PIOGA directory address corroborated by current Google Places geocode,Medium,2025-2026 PIOGA directory image plus current operational Google Places match; service-scope review ongoing,https://maps.google.com/?cid=15138779499164783122,"PIOGA directory image evidence: assets/Scan_20260624_155634.jpg. Directory listed 929 Park Avenue, Pittsburgh, PA 15234-1603; (412) 298-0917; https://www.douglaspipeline.com. Google Places researched 2026-06-24.",Current PIOGA membership supports oil/gas industry relevance; exact service scope categorized from company identity and requires ongoing company-source review,Association-sourced provider location,2025-2026 PIOGA Membership Directory asset-image extraction,,,,"Deduplicated by directory address, phone, and current Places identity",Public street address / Google Places geocode,40.366167|-80.0243029,1,Single marker; tooltip opens on click
Encino Environmental Services,Environmental / Water / Chemical Services,Regional,Medium,20302 Park Row Blvd Ste 1200,Katy,TX,(281) 201-3544,https://www.encinoenviron.com,29.7900717,-95.73216529999999,PIOGA directory address corroborated by current Google Places geocode,Medium,2025-2026 PIOGA directory image plus current operational Google Places match; service-scope review ongoing,https://maps.google.com/?cid=4049424145150677122,"PIOGA directory image evidence: assets/Scan_20260624_155634.jpg. Directory listed 20302 Park Row, Katy, TX 77449; (281) 201-3544; https://www.encinoenviron.com. Google Places researched 2026-06-24.",Current PIOGA membership supports oil/gas industry relevance; exact service scope categorized from company identity and requires ongoing company-source review,Association-sourced provider location,2025-2026 PIOGA Membership Directory asset-image extraction,,,,"Deduplicated by directory address, phone, and current Places identity",Public street address / Google Places geocode,29.7900717|-95.73216529999999,1,Single marker; tooltip opens on click
Engineering & Inspections International,Inspection / Integrity / Camera Services,Regional,Medium,12370 Jackson Run Rd,Sugar Grove,PA,(814) 489-3164,https://www.enginsp.net,41.9695046,-79.3339885,PIOGA directory address corroborated by current Google Places geocode,Medium,2025-2026 PIOGA directory image plus current operational Google Places match; service-scope review ongoing,https://maps.google.com/?cid=2558189994155541136,"PIOGA directory image evidence: assets/Scan_20260624_155650.jpg. Directory listed 12370 Jackson Run Road, sugar Grove, PA 16350-4526; (814) 489-3164; https://www.enginsp.net. Google Places researched 2026-06-24.",Current PIOGA membership supports oil/gas industry relevance; exact service scope categorized from company identity and requires ongoing company-source review,Association-sourced provider location,2025-2026 PIOGA Membership Directory asset-image extraction,,,,"Deduplicated by directory address, phone, and current Places identity",Public street address / Google Places geocode,41.9695046|-79.3339885,1,Single marker; tooltip opens on click
Fisher Associates,Consulting / Engineering / Field Services,Regional,Medium,121 Hillpointe Dr Ste 100,Canonsburg,PA,(724) 916-4250,https://www.fisherassoc.com,40.2777808,-80.1731205,PIOGA directory address corroborated by current Google Places geocode,Medium,2025-2026 PIOGA directory image plus current operational Google Places match; service-scope review ongoing,https://maps.google.com/?cid=10224747681963113329,"PIOGA directory image evidence: assets/Scan_20260624_155702.jpg. Directory listed 121 Hillpointe Drive, STE 100, Canonsburg, PA 15317-9552; (724) 916-4250; https://www.fisherassoc.com. Google Places researched 2026-06-24.",Current PIOGA membership supports oil/gas industry relevance; exact service scope categorized from company identity and requires ongoing company-source review,Association-sourced provider location,2025-2026 PIOGA Membership Directory asset-image extraction,,,,"Deduplicated by directory address, phone, and current Places identity",Public street address / Google Places geocode,40.2777808|-80.1731205,1,Single marker; tooltip opens on click
Fisherassociates,Consulting / Engineering / Field Services,Regional,Medium,55 Chicago St #200,Buffalo,NY,(716) 858-1234,http://www.fisherassoc.com/,42.8697831,-78.86845509999999,PIOGA directory address corroborated by current Google Places geocode,Medium,2025-2026 PIOGA directory image plus current operational Google Places match; service-scope review ongoing,https://maps.google.com/?cid=7354224456940175354,"PIOGA directory image evidence: assets/Scan_20260624_155702.jpg. Directory listed 55 Chicago street, STE 200, Buffalo, NY 14204-2503; (716) 858-1234; website not listed. Google Places researched 2026-06-24.",Current PIOGA membership supports oil/gas industry relevance; exact service scope categorized from company identity and requires ongoing company-source review,Association-sourced provider location,2025-2026 PIOGA Membership Directory asset-image extraction,,,,"Deduplicated by directory address, phone, and current Places identity",Public street address / Google Places geocode,42.8697831|-78.86845509999999,1,Single marker; tooltip opens on click
"Gai Consultants, Inc.",Consulting / Engineering / Field Services,Regional,Medium,385 E Waterfront Dr,Homestead,PA,(412) 476-2000,https://www.gaiconsultants.com,40.412903,-79.9109699,PIOGA directory address corroborated by current Google Places geocode,Medium,2025-2026 PIOGA directory image plus current operational Google Places match; service-scope review ongoing,https://maps.google.com/?cid=6349345872579100073,"PIOGA directory image evidence: assets/Scan_20260624_155711.jpg. Directory listed 385 East Waterfront Drive, Homestead, PA 15120-5005; (412) 476-2000; https://www.gaiconsultants.com. Google Places researched 2026-06-24.",Current PIOGA membership supports oil/gas industry relevance; exact service scope categorized from company identity and requires ongoing company-source review,Association-sourced provider location,2025-2026 PIOGA Membership Directory asset-image extraction,,,,"Deduplicated by directory address, phone, and current Places identity",Public street address / Google Places geocode,40.412903|-79.9109699,1,Single marker; tooltip opens on click
Gci Water Solutions,Environmental / Water / Chemical Services,Regional,Medium,"701 East spring street, Bldg. 47",Titusville,PA,(989) 750-8254,https://www.gci-water.com,41.6252554,-79.6581635,PIOGA directory address corroborated by current Google Places geocode,Medium,2025-2026 PIOGA directory image plus current operational Google Places match; service-scope review ongoing,https://maps.google.com/?cid=7928265799204654655,"PIOGA directory image evidence: assets/Scan_20260624_155711.jpg. Directory listed 701 East spring street, Bldg. 47, Titusville, PA 16354; (989) 750-8254; https://www.gci-water.com. Google Places researched 2026-06-24.",Current PIOGA membership supports oil/gas industry relevance; exact service scope categorized from company identity and requires ongoing company-source review,Association-sourced provider location,2025-2026 PIOGA Membership Directory asset-image extraction,,,,"Deduplicated by directory address, phone, and current Places identity",Public street address / Google Places geocode,41.6252554|-79.6581635,1,Single marker; tooltip opens on click
"Key Environmental, Inc",Environmental / Water / Chemical Services,Regional,Medium,200 3rd Ave,Carnegie,PA,(412) 279-3363,https://www.kegenvir.com,40.404568,-80.0892889,PIOGA directory address corroborated by current Google Places geocode,Medium,2025-2026 PIOGA directory image plus current operational Google Places match; service-scope review ongoing,https://maps.google.com/?cid=5206603922697608157,"PIOGA directory image evidence: assets/Scan_20260624_155801.jpg. Directory listed 200 Third Avenue, Carnegie, PA 15106-2600; (412) 279-3363; https://www.kegenvir.com. Google Places researched 2026-06-24.",Current PIOGA membership supports oil/gas industry relevance; exact service scope categorized from company identity and requires ongoing company-source review,Association-sourced provider location,2025-2026 PIOGA Membership Directory asset-image extraction,,,,"Deduplicated by directory address, phone, and current Places identity",Public street address / Google Places geocode,40.404568|-80.0892889,1,Single marker; tooltip opens on click
"Kodiak Gas Services, Llc",Gas Compression / Production Services,Regional,Medium,9950 Woodloch Forest Dr 19th Floor,The Woodlands,TX,(936) 539-3300,https://kodiakgas.com,30.1607699,-95.4551264,PIOGA directory address corroborated by current Google Places geocode,Medium,2025-2026 PIOGA directory image plus current operational Google Places match; service-scope review ongoing,https://maps.google.com/?cid=7018918072430836628,"PIOGA directory image evidence: assets/Scan_20260624_155801.jpg. Directory listed 9950 Woodloch Forest Drive, 19th Floor, spring, TX 77380-4253; (936) 539-3300; https://kodiakgas.com. Google Places researched 2026-06-24.",Current PIOGA membership supports oil/gas industry relevance; exact service scope categorized from company identity and requires ongoing company-source review,Additional association-sourced branch,2025-2026 PIOGA Membership Directory asset-image extraction,,,,Preserved separate branch from existing Kodiak Gas Services location,Public street address / Google Places geocode,30.1607699|-95.4551264,1,Single marker; tooltip opens on click
"Moody And Associates, Inc.",Consulting / Engineering / Field Services,Regional,Medium,101 N Main St Ste 3,Athens,PA,(607) 565-8800,https://www.moody-s.com/athens/,41.9639522,-76.52182220000002,PIOGA directory address corroborated by current Google Places geocode,Medium,2025-2026 PIOGA directory image plus current operational Google Places match; service-scope review ongoing,https://maps.google.com/?cid=7818690201335564719,"PIOGA directory image evidence: assets/Scan_20260624_155819.jpg. Directory listed 101 N. Main street, STE 3, Athens, PA 18810-1707; (607) 565-8800; website not listed. Google Places researched 2026-06-24.",Current PIOGA membership supports oil/gas industry relevance; exact service scope categorized from company identity and requires ongoing company-source review,Association-sourced provider location,2025-2026 PIOGA Membership Directory asset-image extraction,,,,"Deduplicated by directory address, phone, and current Places identity",Public street address / Google Places geocode,41.9639522|-76.52182220000002,1,Single marker; tooltip opens on click
"Moody And Associates, Inc.",Consulting / Engineering / Field Services,Regional,Medium,2402 W 8th St,Erie,PA,(814) 724-4970,https://moody-s.com/,42.1081785,-80.13749020000002,PIOGA directory address corroborated by current Google Places geocode,Medium,2025-2026 PIOGA directory image plus current operational Google Places match; service-scope review ongoing,https://maps.google.com/?cid=1893475800507706261,"PIOGA directory image evidence: assets/Scan_20260624_155819.jpg. Directory listed 2402 West 8th street, STE 2, Erie, PA 16505; (814) 724-4970; website not listed. Google Places researched 2026-06-24.",Current PIOGA membership supports oil/gas industry relevance; exact service scope categorized from company identity and requires ongoing company-source review,Association-sourced provider location,2025-2026 PIOGA Membership Directory asset-image extraction,,,,"Deduplicated by directory address, phone, and current Places identity",Public street address / Google Places geocode,42.1081785|-80.13749020000002,1,Single marker; tooltip opens on click
"Moody And Associates, Inc.",Consulting / Engineering / Field Services,Regional,Medium,1720 Washington Rd Suite 100,Washington,PA,(724) 746-5200,https://www.moody-s.com,40.2203832,-80.1873604,PIOGA directory address corroborated by current Google Places geocode,Medium,2025-2026 PIOGA directory image plus current operational Google Places match; service-scope review ongoing,https://maps.google.com/?cid=1958103818771965054,"PIOGA directory image evidence: assets/Scan_20260624_155819.jpg. Directory listed 1720 Washington Rd., STE 100, Washington, PA 15301; (724) 746-5200; https://www.moody-s.com. Google Places researched 2026-06-24.",Current PIOGA membership supports oil/gas industry relevance; exact service scope categorized from company identity and requires ongoing company-source review,Association-sourced provider location,2025-2026 PIOGA Membership Directory asset-image extraction,,,,"Deduplicated by directory address, phone, and current Places identity",Public street address / Google Places geocode,40.2203832|-80.1873604,1,Single marker; tooltip opens on click
Northrup Equipment Company,Oilfield / Pipeline Equipment & Supply,Regional,Medium,220 5th St,Beverly,OH,(740) 410-1007,https://www.northrupequipmentcompany.com,39.5475962,-81.6380563,PIOGA directory address corroborated by current Google Places geocode,Medium,2025-2026 PIOGA directory image plus current operational Google Places match; service-scope review ongoing,https://maps.google.com/?cid=16165941584854623257,"PIOGA directory image evidence: assets/Scan_20260624_160252.jpg. Directory listed 20. Box 1461, Beverly, OH 45715; (740) 410-1007; https://www.northrupequipmentcompany.com. Google Places researched 2026-06-24.",Current PIOGA membership supports oil/gas industry relevance; exact service scope categorized from company identity and requires ongoing company-source review,Association-sourced provider location,2025-2026 PIOGA Membership Directory asset-image extraction,,,,"Deduplicated by directory address, phone, and current Places identity",Public street address / Google Places geocode,39.5475962|-81.6380563,1,Single marker; tooltip opens on click
"Penneco Environmental Solutions, Llc",Environmental / Water / Chemical Services,Regional,Medium,6608 US-22 #301,Delmont,PA,(724) 468-6014,https://www.pennecoenvironmentalsolutions.com,40.398998,-79.577803,PIOGA directory address corroborated by current Google Places geocode,Medium,2025-2026 PIOGA directory image plus current operational Google Places match; service-scope review ongoing,https://maps.google.com/?cid=14929020061334778996,"PIOGA directory image evidence: assets/Scan_20260624_160252.jpg. Directory listed 6608 Route 22, STE 301, Delmont, PA 15626; (724) 468-6014; https://www.pennecoenvironmentalsolutions.com. Google Places researched 2026-06-24.",Current PIOGA membership supports oil/gas industry relevance; exact service scope categorized from company identity and requires ongoing company-source review,Association-sourced provider location,2025-2026 PIOGA Membership Directory asset-image extraction,,,,"Deduplicated by directory address, phone, and current Places identity",Public street address / Google Places geocode,40.398998|-79.577803,1,Single marker; tooltip opens on click
"Precision Geophysical, Inc.",Geoscience / Geophysical / Geological Consulting,Regional,Medium,2695 OH-83,Millersburg,OH,(330) 674-2198,https://www.precisiongeophysical.com,40.4866688,-81.8971215,PIOGA directory address corroborated by current Google Places geocode,Medium,2025-2026 PIOGA directory image plus current operational Google Places match; service-scope review ongoing,https://maps.google.com/?cid=16166034001983012927,"PIOGA directory image evidence: assets/Scan_20260624_160315.jpg. Directory listed P.o. Box 152, Millersburg, OH 44654-0152; (330) 674-2198; https://www.precisiongeophysical.com. Google Places researched 2026-06-24.",Current PIOGA membership supports oil/gas industry relevance; exact service scope categorized from company identity and requires ongoing company-source review,Association-sourced provider location,2025-2026 PIOGA Membership Directory asset-image extraction,,,,"Deduplicated by directory address, phone, and current Places identity",Public street address / Google Places geocode,40.4866688|-81.8971215,1,Single marker; tooltip opens on click
"Precision Pipeline Equipment, Inc.",Pipeline Construction / Integrity / Equipment,Regional,Medium,253 Walnut St,Houston,PA,(724) 746-5427,https://www.precisionpipeline.com,40.2340828,-80.2237813,PIOGA directory address corroborated by current Google Places geocode,Medium,2025-2026 PIOGA directory image plus current operational Google Places match; service-scope review ongoing,https://maps.google.com/?cid=11479957633856799069,"PIOGA directory image evidence: assets/Scan_20260624_160315.jpg. Directory listed 253 Walnut Street, Houston, PA 15342; (724) 746-5427; https://www.precisionpipeline.com. Google Places researched 2026-06-24.",Current PIOGA membership supports oil/gas industry relevance; exact service scope categorized from company identity and requires ongoing company-source review,Association-sourced provider location,2025-2026 PIOGA Membership Directory asset-image extraction,,,,"Deduplicated by directory address, phone, and current Places identity",Public street address / Google Places geocode,40.2340828|-80.2237813,1,Single marker; tooltip opens on click
"Se Technologies, Llc",Consulting / Engineering / Field Services,Regional,Medium,500 Mosites Wy,Pittsburgh,PA,(412) 221-1100,https://www.se-env.com,40.4471037,-80.1507893,PIOGA directory address corroborated by current Google Places geocode,Medium,2025-2026 PIOGA directory image plus current operational Google Places match; service-scope review ongoing,https://maps.google.com/?cid=13402555164124026854,"PIOGA directory image evidence: assets/Scan_20260624_160324.jpg. Directory listed 500 Mosites wag, STE 100, Pittsburgh, PA 15205; (412) 221-1100; https://www.se-env.com. Google Places researched 2026-06-24.",Current PIOGA membership supports oil/gas industry relevance; exact service scope categorized from company identity and requires ongoing company-source review,Association-sourced provider location,2025-2026 PIOGA Membership Directory asset-image extraction,,,,"Deduplicated by directory address, phone, and current Places identity",Public street address / Google Places geocode,40.4471037|-80.1507893,1,Single marker; tooltip opens on click
Tank Services,Tank Fabrication / Field Equipment,Regional,Medium,4412 Pleasant Valley Rd SE,Dennison,OH,(330) 479-9267,https://www.tankservices.com,40.4120374,-81.28834090000001,PIOGA directory address corroborated by current Google Places geocode,Medium,2025-2026 PIOGA directory image plus current operational Google Places match; service-scope review ongoing,https://maps.google.com/?cid=15798030853973929892,"PIOGA directory image evidence: assets/Scan_20260624_160426.jpg. Directory listed P.O. Box n, Dennison, OH 44621; (330) 479-9267; https://www.tankservices.com. Google Places researched 2026-06-24.",Current PIOGA membership supports oil/gas industry relevance; exact service scope categorized from company identity and requires ongoing company-source review,Association-sourced provider location,2025-2026 PIOGA Membership Directory asset-image extraction,,,,"Deduplicated by directory address, phone, and current Places identity",Public street address / Google Places geocode,40.4120374|-81.28834090000001,1,Single marker; tooltip opens on click
The Thrasher Group,Consulting / Engineering / Field Services,Regional,Medium,4000 Town Center Blvd Ste 140,Canonsburg,PA,(724) 485-7035,https://www.thethrashergroup.com,40.2774356,-80.16755189999999,PIOGA directory address corroborated by current Google Places geocode,Medium,2025-2026 PIOGA directory image plus current operational Google Places match; service-scope review ongoing,https://maps.google.com/?cid=1626815046038724960,"PIOGA directory image evidence: assets/Scan_20260624_160448.jpg. Directory listed 4000 Town center Blvd., STE 140, Canonsburg, PA 15317; (724) 485-7035; https://www.thethrashergroup.com. Google Places researched 2026-06-24.",Current PIOGA membership supports oil/gas industry relevance; exact service scope categorized from company identity and requires ongoing company-source review,Association-sourced provider location,2025-2026 PIOGA Membership Directory asset-image extraction,,,,"Deduplicated by directory address, phone, and current Places identity",Public street address / Google Places geocode,40.2774356|-80.16755189999999,1,Single marker; tooltip opens on click
"Vavco, Llc",Oilfield / Pipeline Equipment & Supply,Regional,Medium,3 Penn Center Blvd,Pittsburgh,PA,(412) 788-1401,https://www.vavcollc.com,40.4285251,-80.1255486,PIOGA directory address corroborated by current Google Places geocode,Medium,2025-2026 PIOGA directory image plus current operational Google Places match; service-scope review ongoing,https://maps.google.com/?cid=2436355383253327482,"PIOGA directory image evidence: assets/Scan_20260624_160458.jpg. Directory listed 3 Penn Center west, STE 201, Pittsburgh, PA 15276; (412) 788-1401; https://www.vavcollc.com. Google Places researched 2026-06-24.",Current PIOGA membership supports oil/gas industry relevance; exact service scope categorized from company identity and requires ongoing company-source review,Association-sourced provider location,2025-2026 PIOGA Membership Directory asset-image extraction,,,,"Deduplicated by directory address, phone, and current Places identity",Public street address / Google Places geocode,40.4285251|-80.1255486,1,Single marker; tooltip opens on click
"Waterford Tank & Fabrication, Ltd",Environmental / Water / Chemical Services,Regional,Medium,203 OH-83,Beverly,OH,(740) 984-4100,https://www.waterfordtanks.com,39.5701675,-81.6549453,PIOGA directory address corroborated by current Google Places geocode,Medium,2025-2026 PIOGA directory image plus current operational Google Places match; service-scope review ongoing,https://maps.google.com/?cid=857454461141507588,"PIOGA directory image evidence: assets/Scan_20260624_160458.jpg. Directory listed 20. Box 392, Lowell, OH 45744; (740) 984-4100; https://www.waterfordtanks.com. Google Places researched 2026-06-24.",Current PIOGA membership supports oil/gas industry relevance; exact service scope categorized from company identity and requires ongoing company-source review,Association-sourced provider location,2025-2026 PIOGA Membership Directory asset-image extraction,,,,"Deduplicated by directory address, phone, and current Places identity",Public street address / Google Places geocode,39.5701675|-81.6549453,1,Single marker; tooltip opens on click
